,Datetime,Open,High,Low,Close,Volume
0,2021-05-25T09:15:00,213.05,213.35,212.6,212.6,1502142
1,2021-05-25T09:20:00,212.75,212.85,212.15,212.4,1995829
2,2021-05-25T09:25:00,212.4,213.0,212.4,212.75,655651
3,2021-05-25T09:30:00,212.85,213.0,212.5,212.8,653488
4,2021-05-25T09:35:00,212.9,213.0,212.45,212.45,492671
5,2021-05-25T09:40:00,212.55,212.75,212.45,212.5,252822
6,2021-05-25T09:45:00,212.7,212.85,212.5,212.5,598420
7,2021-05-25T09:50:00,212.6,212.95,212.45,212.45,449292
8,2021-05-25T09:55:00,212.45,212.95,212.45,212.7,342055
9,2021-05-25T10:00:00,212.75,213.0,212.75,212.85,371014
10,2021-05-25T10:05:00,212.85,213.25,212.8,213.05,606163
11,2021-05-25T10:10:00,213.15,213.35,213.05,213.1,567061
12,2021-05-25T10:15:00,213.2,213.25,213.1,213.1,380819
13,2021-05-25T10:20:00,213.25,213.25,213.0,213.05,317367
14,2021-05-25T10:25:00,213.1,213.2,212.65,212.65,435666
15,2021-05-25T10:30:00,212.85,212.85,212.3,212.3,387255
16,2021-05-25T10:35:00,212.35,212.55,212.3,212.4,314076
17,2021-05-25T10:40:00,212.4,212.5,212.1,212.15,340285
18,2021-05-25T10:45:00,212.25,212.25,212.0,212.0,346786
19,2021-05-25T10:50:00,212.0,212.15,211.8,211.9,306386
20,2021-05-25T10:55:00,212.15,212.15,211.8,211.9,197171
21,2021-05-25T11:00:00,212.0,212.25,211.95,212.05,163242
22,2021-05-25T11:05:00,212.2,212.45,212.2,212.4,157265
23,2021-05-25T11:10:00,212.4,212.45,212.15,212.15,154990
24,2021-05-25T11:15:00,212.3,212.75,212.1,212.5,324119
25,2021-05-25T11:20:00,212.65,212.7,212.25,212.25,156853
26,2021-05-25T11:25:00,212.35,212.45,212.15,212.3,175516
27,2021-05-25T11:30:00,212.4,212.45,212.1,212.1,168041
28,2021-05-25T11:35:00,212.1,212.2,212.0,212.05,196409
29,2021-05-25T11:40:00,212.15,212.25,212.05,212.1,151278
30,2021-05-25T11:45:00,212.1,212.35,212.0,212.0,203655
31,2021-05-25T11:50:00,212.1,212.2,211.95,211.95,219926
32,2021-05-25T11:55:00,212.15,212.25,212.0,212.15,75074
33,2021-05-25T12:00:00,212.25,212.25,212.1,212.1,92567
34,2021-05-25T12:05:00,212.1,212.4,212.1,212.3,174376
35,2021-05-25T12:10:00,212.4,212.4,212.3,212.3,83772
36,2021-05-25T12:15:00,212.45,212.6,212.35,212.35,191576
37,2021-05-25T12:20:00,212.35,212.45,212.1,212.1,155446
38,2021-05-25T12:25:00,212.2,212.3,212.05,212.15,138808
39,2021-05-25T12:30:00,212.15,212.25,211.9,211.95,341126
40,2021-05-25T12:35:00,212.0,212.0,211.8,211.85,139838
41,2021-05-25T12:40:00,211.85,212.0,211.6,211.7,260607
42,2021-05-25T12:45:00,211.8,211.95,211.7,211.8,123441
43,2021-05-25T12:50:00,211.8,211.85,211.7,211.75,106986
44,2021-05-25T12:55:00,211.85,211.85,211.6,211.65,177834
45,2021-05-25T13:00:00,211.7,211.8,211.6,211.65,124032
46,2021-05-25T13:05:00,211.65,211.8,211.65,211.65,102410
47,2021-05-25T13:10:00,211.7,211.8,211.6,211.65,137519
48,2021-05-25T13:15:00,211.75,211.75,211.45,211.5,197908
49,2021-05-25T13:20:00,211.55,211.65,211.4,211.4,201062
50,2021-05-25T13:25:00,211.5,211.6,210.85,210.85,660379
51,2021-05-25T13:30:00,211.05,211.25,210.9,211.0,213498
52,2021-05-25T13:35:00,211.0,211.1,210.9,210.9,130780
53,2021-05-25T13:40:00,210.9,211.45,210.9,211.1,294841
54,2021-05-25T13:45:00,211.2,211.2,210.95,211.0,214060
55,2021-05-25T13:50:00,211.0,211.1,210.7,210.75,327366
56,2021-05-25T13:55:00,211.05,211.3,211.0,211.05,251183
57,2021-05-25T14:00:00,211.2,211.45,211.05,211.1,308144
58,2021-05-25T14:05:00,211.1,211.4,211.1,211.3,217114
59,2021-05-25T14:10:00,211.5,211.5,210.8,210.8,302127
60,2021-05-25T14:15:00,210.9,211.05,210.75,210.75,183985
61,2021-05-25T14:20:00,210.75,210.9,210.35,210.4,376081
62,2021-05-25T14:25:00,210.45,210.75,210.3,210.6,370384
63,2021-05-25T14:30:00,210.7,211.15,210.65,211.0,305161
64,2021-05-25T14:35:00,211.0,211.2,211.0,211.05,159989
65,2021-05-25T14:40:00,211.1,211.2,210.7,210.7,304206
66,2021-05-25T14:45:00,210.75,210.85,210.7,210.7,243063
67,2021-05-25T14:50:00,210.7,210.85,210.5,210.5,212484
68,2021-05-25T14:55:00,210.55,210.7,210.5,210.55,223760
69,2021-05-25T15:00:00,210.7,210.85,210.65,210.75,245313
70,2021-05-25T15:05:00,210.8,210.95,210.5,210.85,473968
71,2021-05-25T15:10:00,210.95,211.0,210.75,210.85,468859
72,2021-05-25T15:15:00,210.95,211.1,210.75,210.75,908056
73,2021-05-25T15:20:00,210.95,211.05,210.7,210.9,889495
74,2021-05-25T15:25:00,210.95,211.2,210.85,210.85,534731
75,2021-05-25T15:30:00,211.05,211.05,211.05,211.05,131
76,2021-05-26T09:15:00,212.0,212.45,211.6,211.6,723102
77,2021-05-26T09:20:00,211.85,212.0,211.25,211.25,324578
78,2021-05-26T09:25:00,211.3,211.55,210.8,210.8,539393
79,2021-05-26T09:30:00,210.9,211.3,210.8,211.15,188235
80,2021-05-26T09:35:00,211.25,211.4,210.5,210.5,341325
81,2021-05-26T09:40:00,210.95,211.05,210.55,210.85,266995
82,2021-05-26T09:45:00,210.95,211.2,210.85,211.0,173080
83,2021-05-26T09:50:00,211.1,211.35,211.0,211.1,407686
84,2021-05-26T09:55:00,211.25,211.3,211.0,211.05,185161
85,2021-05-26T10:00:00,211.1,211.3,211.05,211.1,135355
86,2021-05-26T10:05:00,211.2,211.45,211.1,211.25,219630
87,2021-05-26T10:10:00,211.4,211.4,211.15,211.15,171629
88,2021-05-26T10:15:00,211.25,211.3,211.15,211.15,79694
89,2021-05-26T10:20:00,211.3,211.45,211.2,211.3,266480
90,2021-05-26T10:25:00,211.35,211.6,211.3,211.4,232960
91,2021-05-26T10:30:00,211.7,212.15,211.6,212.0,719744
92,2021-05-26T10:35:00,212.0,212.15,211.9,212.0,849460
93,2021-05-26T10:40:00,212.1,212.2,212.0,212.0,216591
94,2021-05-26T10:45:00,212.1,212.1,212.0,212.0,297887
95,2021-05-26T10:50:00,212.0,212.2,212.0,212.0,164330
96,2021-05-26T10:55:00,212.05,212.1,211.95,211.95,128413
97,2021-05-26T11:00:00,212.05,212.05,211.75,211.75,249357
98,2021-05-26T11:05:00,211.7,211.8,211.4,211.4,225966
99,2021-05-26T11:10:00,211.5,211.65,211.45,211.45,325884
100,2021-05-26T11:15:00,211.6,211.9,211.5,211.7,116384
101,2021-05-26T11:20:00,211.8,211.9,211.4,211.4,457138
102,2021-05-26T11:25:00,211.45,211.55,211.3,211.3,189955
103,2021-05-26T11:30:00,211.4,211.65,211.2,211.55,156886
104,2021-05-26T11:35:00,211.55,211.6,211.35,211.5,179377
105,2021-05-26T11:40:00,211.55,211.55,211.3,211.35,126297
106,2021-05-26T11:45:00,211.35,211.4,211.1,211.15,245245
107,2021-05-26T11:50:00,211.3,211.5,211.1,211.2,356549
108,2021-05-26T11:55:00,211.45,211.55,211.25,211.25,203991
109,2021-05-26T12:00:00,211.4,211.5,211.3,211.35,131851
110,2021-05-26T12:05:00,211.45,211.7,211.45,211.6,101605
111,2021-05-26T12:10:00,211.6,211.7,211.5,211.6,105748
112,2021-05-26T12:15:00,211.7,211.8,211.6,211.65,69529
113,2021-05-26T12:20:00,211.65,211.8,211.5,211.6,124596
114,2021-05-26T12:25:00,211.85,211.9,211.65,211.7,151507
115,2021-05-26T12:30:00,211.7,211.85,211.6,211.6,135624
116,2021-05-26T12:35:00,211.7,211.95,211.7,211.85,117036
117,2021-05-26T12:40:00,211.85,212.1,211.85,211.95,297851
118,2021-05-26T12:45:00,212.05,212.05,211.65,211.7,512788
119,2021-05-26T12:50:00,211.8,211.8,211.5,211.55,218580
120,2021-05-26T12:55:00,211.6,211.7,211.5,211.6,90388
121,2021-05-26T13:00:00,211.65,211.7,211.5,211.55,95339
122,2021-05-26T13:05:00,211.65,211.7,211.55,211.55,146816
123,2021-05-26T13:10:00,211.55,211.75,211.5,211.65,104178
124,2021-05-26T13:15:00,211.75,211.8,211.65,211.7,52475
125,2021-05-26T13:20:00,211.8,211.9,211.7,211.7,85080
126,2021-05-26T13:25:00,211.75,211.75,211.55,211.55,71246
127,2021-05-26T13:30:00,211.55,211.7,211.5,211.5,83212
128,2021-05-26T13:35:00,211.55,211.6,211.35,211.45,137666
129,2021-05-26T13:40:00,211.5,211.5,210.9,210.9,521176
130,2021-05-26T13:45:00,211.05,211.35,211.0,211.05,207708
131,2021-05-26T13:50:00,211.1,211.25,210.8,210.8,173741
132,2021-05-26T13:55:00,210.9,211.1,210.85,210.95,238730
133,2021-05-26T14:00:00,211.05,211.05,210.65,210.65,173299
134,2021-05-26T14:05:00,210.7,210.9,210.7,210.8,90903
135,2021-05-26T14:10:00,210.85,210.95,210.7,210.7,106954
136,2021-05-26T14:15:00,210.7,210.9,210.55,210.8,163193
137,2021-05-26T14:20:00,210.85,210.85,210.55,210.65,119017
138,2021-05-26T14:25:00,210.75,210.8,210.6,210.7,104062
139,2021-05-26T14:30:00,210.8,210.85,210.7,210.7,78145
140,2021-05-26T14:35:00,210.75,210.8,210.65,210.65,110723
141,2021-05-26T14:40:00,210.7,210.95,210.65,210.85,79980
142,2021-05-26T14:45:00,210.9,210.95,210.7,210.7,144820
143,2021-05-26T14:50:00,210.7,210.75,210.45,210.45,292386
144,2021-05-26T14:55:00,210.5,210.5,210.35,210.35,181631
145,2021-05-26T15:00:00,210.4,210.55,210.3,210.45,185441
146,2021-05-26T15:05:00,210.5,210.65,210.4,210.4,283632
147,2021-05-26T15:10:00,210.5,210.65,210.35,210.45,466748
148,2021-05-26T15:15:00,210.45,210.7,210.4,210.55,504935
149,2021-05-26T15:20:00,210.65,210.75,210.45,210.55,626582
150,2021-05-26T15:25:00,210.65,210.95,210.6,210.8,374629
151,2021-05-26T15:30:00,210.9,210.9,210.9,210.9,261
152,2021-05-27T09:15:00,211.25,211.5,210.7,211.05,1134078
153,2021-05-27T09:20:00,211.2,211.2,210.55,210.55,907972
154,2021-05-27T09:25:00,210.6,211.1,210.4,211.0,719599
155,2021-05-27T09:30:00,211.05,211.05,210.3,210.3,798026
156,2021-05-27T09:35:00,210.35,210.75,210.3,210.6,283529
157,2021-05-27T09:40:00,210.8,211.1,210.65,210.9,563843
158,2021-05-27T09:45:00,211.05,212.35,211.0,211.95,1020099
159,2021-05-27T09:50:00,212.4,213.75,212.35,213.3,1814508
160,2021-05-27T09:55:00,213.35,214.0,212.95,212.95,1656199
161,2021-05-27T10:00:00,213.05,213.45,212.6,212.75,2215035
162,2021-05-27T10:05:00,213.3,213.6,213.0,213.0,1150651
163,2021-05-27T10:10:00,213.6,214.1,213.4,213.45,2733903
164,2021-05-27T10:15:00,213.5,213.8,213.0,213.0,1336429
165,2021-05-27T10:20:00,213.15,213.45,212.95,213.05,1259500
166,2021-05-27T10:25:00,212.95,213.4,212.95,213.15,326905
167,2021-05-27T10:30:00,213.3,213.35,212.4,212.4,1374999
168,2021-05-27T10:35:00,212.5,212.75,212.35,212.35,391555
169,2021-05-27T10:40:00,212.45,212.55,212.05,212.25,428943
170,2021-05-27T10:45:00,212.35,212.45,212.0,212.25,444046
171,2021-05-27T10:50:00,212.45,212.5,212.15,212.15,236404
172,2021-05-27T10:55:00,212.2,212.3,212.05,212.05,187857
173,2021-05-27T11:00:00,212.25,212.35,212.1,212.25,132934
174,2021-05-27T11:05:00,212.3,212.45,212.25,212.25,165146
175,2021-05-27T11:10:00,212.3,212.3,212.15,212.2,118516
176,2021-05-27T11:15:00,212.2,212.25,211.7,211.7,446076
177,2021-05-27T11:20:00,211.8,211.95,211.7,211.8,215717
178,2021-05-27T11:25:00,211.95,212.1,211.55,211.55,429161
179,2021-05-27T11:30:00,211.75,212.2,211.65,212.05,297043
180,2021-05-27T11:35:00,212.2,212.3,212.0,212.0,134366
181,2021-05-27T11:40:00,212.0,212.2,211.8,211.8,174588
182,2021-05-27T11:45:00,211.8,212.15,211.8,211.9,120592
183,2021-05-27T11:50:00,211.9,212.2,211.9,211.95,312670
184,2021-05-27T11:55:00,212.15,212.2,212.0,212.0,225072
185,2021-05-27T12:00:00,212.05,212.2,212.0,212.0,164302
186,2021-05-27T12:05:00,212.05,212.15,211.8,211.8,109404
187,2021-05-27T12:10:00,211.9,212.0,211.85,211.9,102946
188,2021-05-27T12:15:00,212.0,212.0,211.4,211.4,358103
189,2021-05-27T12:20:00,211.5,211.8,211.45,211.6,135447
190,2021-05-27T12:25:00,211.6,211.65,211.3,211.3,216220
191,2021-05-27T12:30:00,211.35,211.65,211.3,211.6,227612
192,2021-05-27T12:35:00,211.65,211.65,211.3,211.4,260945
193,2021-05-27T12:40:00,211.5,211.6,211.4,211.5,185758
194,2021-05-27T12:45:00,211.5,211.6,211.3,211.3,302192
195,2021-05-27T12:50:00,211.4,211.85,211.35,211.45,366059
196,2021-05-27T12:55:00,211.6,211.65,211.4,211.4,231502
197,2021-05-27T13:00:00,211.5,211.65,211.35,211.35,307924
198,2021-05-27T13:05:00,211.45,211.6,211.3,211.35,384726
199,2021-05-27T13:10:00,211.35,211.4,211.1,211.1,305916
200,2021-05-27T13:15:00,211.2,211.3,211.05,211.15,266397
201,2021-05-27T13:20:00,211.25,211.4,211.2,211.2,207968
202,2021-05-27T13:25:00,211.35,211.65,211.2,211.5,179643
203,2021-05-27T13:30:00,211.65,211.8,211.6,211.6,161107
204,2021-05-27T13:35:00,211.7,211.7,211.45,211.45,215456
205,2021-05-27T13:40:00,211.5,211.6,211.45,211.5,113180
206,2021-05-27T13:45:00,211.6,211.75,211.45,211.6,227203
207,2021-05-27T13:50:00,211.7,211.75,211.6,211.6,333315
208,2021-05-27T13:55:00,211.75,211.85,211.6,211.6,278915
209,2021-05-27T14:00:00,211.65,212.4,211.6,212.15,741859
210,2021-05-27T14:05:00,212.25,212.3,211.5,211.5,292181
211,2021-05-27T14:10:00,211.6,211.65,211.15,211.2,344870
212,2021-05-27T14:15:00,211.4,211.55,211.2,211.4,188692
213,2021-05-27T14:20:00,211.45,211.7,211.3,211.55,227955
214,2021-05-27T14:25:00,211.65,211.7,211.45,211.45,199996
215,2021-05-27T14:30:00,211.5,211.6,211.3,211.3,157933
216,2021-05-27T14:35:00,211.35,211.6,211.3,211.45,271179
217,2021-05-27T14:40:00,211.55,211.9,211.45,211.65,269274
218,2021-05-27T14:45:00,211.8,211.85,211.55,211.55,234749
219,2021-05-27T14:50:00,211.6,211.7,211.3,211.55,667736
220,2021-05-27T14:55:00,211.6,211.85,211.3,211.3,697202
221,2021-05-27T15:00:00,211.5,212.05,211.45,211.45,2648717
222,2021-05-27T15:05:00,211.4,211.5,210.8,210.9,1863345
223,2021-05-27T15:10:00,210.95,211.15,210.9,211.0,2262786
224,2021-05-27T15:15:00,211.05,211.1,210.9,210.95,2368166
225,2021-05-27T15:20:00,211.0,211.15,210.95,210.95,2690818
226,2021-05-27T15:25:00,211.1,211.4,210.95,210.95,1943480
227,2021-05-28T09:15:00,212.55,213.45,212.25,212.3,1166698
228,2021-05-28T09:20:00,212.45,212.5,211.8,212.05,480772
229,2021-05-28T09:25:00,212.1,212.35,211.6,212.2,325941
230,2021-05-28T09:30:00,212.25,212.4,212.0,212.05,328018
231,2021-05-28T09:35:00,212.25,212.45,212.05,212.05,445825
232,2021-05-28T09:40:00,212.15,212.55,212.05,212.4,568200
233,2021-05-28T09:45:00,212.55,212.85,212.4,212.6,610173
234,2021-05-28T09:50:00,212.85,213.35,212.75,212.85,657305
235,2021-05-28T09:55:00,212.9,213.1,212.75,212.85,231766
236,2021-05-28T10:00:00,213.0,213.15,212.6,212.6,391522
237,2021-05-28T10:05:00,212.7,212.75,212.4,212.4,169135
238,2021-05-28T10:10:00,212.5,212.65,212.45,212.45,306453
239,2021-05-28T10:15:00,212.55,212.65,212.4,212.45,577622
240,2021-05-28T10:20:00,212.65,212.65,212.4,212.5,339581
241,2021-05-28T10:25:00,212.55,212.55,212.45,212.45,104309
242,2021-05-28T10:30:00,212.5,212.55,212.4,212.45,208493
243,2021-05-28T10:35:00,212.5,212.65,212.45,212.5,189935
244,2021-05-28T10:40:00,212.65,212.75,212.4,212.4,263657
245,2021-05-28T10:45:00,212.4,212.6,212.35,212.45,340016
246,2021-05-28T10:50:00,212.6,213.25,212.5,213.0,822163
247,2021-05-28T10:55:00,213.1,213.25,212.45,212.45,342086
248,2021-05-28T11:00:00,212.65,212.65,212.45,212.45,138636
249,2021-05-28T11:05:00,212.55,212.6,212.45,212.45,152085
250,2021-05-28T11:10:00,212.55,212.65,212.45,212.45,159699
251,2021-05-28T11:15:00,212.5,212.7,212.45,212.5,335683
252,2021-05-28T11:20:00,212.65,212.65,212.5,212.5,99158
253,2021-05-28T11:25:00,212.55,212.65,212.5,212.55,47233
254,2021-05-28T11:30:00,212.65,213.0,212.55,212.65,293514
255,2021-05-28T11:35:00,212.75,212.8,212.45,212.45,156690
256,2021-05-28T11:40:00,212.5,212.7,212.45,212.45,121233
257,2021-05-28T11:45:00,212.6,212.7,212.45,212.65,200216
258,2021-05-28T11:50:00,212.65,212.75,212.5,212.5,106967
259,2021-05-28T11:55:00,212.55,212.65,212.5,212.5,120509
260,2021-05-28T12:00:00,212.55,212.65,212.45,212.45,114756
261,2021-05-28T12:05:00,212.5,212.6,212.45,212.45,192455
262,2021-05-28T12:10:00,212.45,212.7,212.4,212.6,191777
263,2021-05-28T12:15:00,212.65,212.8,212.4,212.4,301218
264,2021-05-28T12:20:00,212.55,212.55,212.15,212.2,560400
265,2021-05-28T12:25:00,212.2,212.45,212.2,212.4,132376
266,2021-05-28T12:30:00,212.45,212.45,212.05,212.05,142890
267,2021-05-28T12:35:00,212.3,212.3,212.1,212.1,138138
268,2021-05-28T12:40:00,212.15,212.35,212.05,212.15,141178
269,2021-05-28T12:45:00,212.15,212.65,212.1,212.5,224956
270,2021-05-28T12:50:00,212.55,212.7,212.5,212.5,74299
271,2021-05-28T12:55:00,212.6,212.65,212.35,212.45,137613
272,2021-05-28T13:00:00,212.6,212.8,212.45,212.55,372450
273,2021-05-28T13:05:00,212.75,212.75,212.5,212.5,162206
274,2021-05-28T13:10:00,212.5,212.65,212.4,212.4,112629
275,2021-05-28T13:15:00,212.4,212.5,212.2,212.2,210899
276,2021-05-28T13:20:00,212.2,212.4,212.2,212.2,85837
277,2021-05-28T13:25:00,212.3,212.45,212.25,212.3,101202
278,2021-05-28T13:30:00,212.5,212.6,212.35,212.4,122780
279,2021-05-28T13:35:00,212.5,212.7,212.45,212.55,94477
280,2021-05-28T13:40:00,212.6,212.9,212.5,212.75,403961
281,2021-05-28T13:45:00,212.8,212.9,212.55,212.6,259139
282,2021-05-28T13:50:00,212.65,212.8,212.55,212.55,171923
283,2021-05-28T13:55:00,212.65,212.9,212.6,212.65,204826
284,2021-05-28T14:00:00,212.9,213.0,212.75,212.8,497096
285,2021-05-28T14:05:00,212.95,213.15,212.85,212.9,684775
286,2021-05-28T14:10:00,213.05,213.4,212.95,213.1,903755
287,2021-05-28T14:15:00,213.35,213.5,213.05,213.3,450274
288,2021-05-28T14:20:00,213.45,213.5,212.8,212.8,490254
289,2021-05-28T14:25:00,212.8,212.9,212.8,212.85,108059
290,2021-05-28T14:30:00,212.85,212.9,212.35,212.35,433970
291,2021-05-28T14:35:00,212.4,212.95,212.35,212.7,353546
292,2021-05-28T14:40:00,212.8,212.95,212.7,212.75,302538
293,2021-05-28T14:45:00,212.8,212.9,212.7,212.7,221842
294,2021-05-28T14:50:00,212.75,213.2,212.75,212.75,811223
295,2021-05-28T14:55:00,212.75,213.4,212.75,213.0,915169
296,2021-05-28T15:00:00,213.1,213.15,212.7,212.7,305531
297,2021-05-28T15:05:00,212.7,213.0,212.65,212.85,475568
298,2021-05-28T15:10:00,212.9,213.1,212.85,212.95,503174
299,2021-05-28T15:15:00,213.1,213.1,212.85,212.9,975709
300,2021-05-28T15:20:00,212.85,213.0,212.7,212.7,924330
301,2021-05-28T15:25:00,212.75,213.15,212.75,212.85,709236
302,2021-05-28T15:30:00,212.9,212.9,212.9,212.9,1000
303,2021-05-31T09:15:00,214.85,216.4,214.65,215.85,5225399
304,2021-05-31T09:20:00,216.3,217.85,216.0,216.4,8083273
305,2021-05-31T09:25:00,216.75,216.95,216.15,216.25,4330659
306,2021-05-31T09:30:00,216.25,216.65,216.2,216.3,2386340
307,2021-05-31T09:35:00,216.35,216.5,215.8,216.0,1501099
308,2021-05-31T09:40:00,216.4,217.25,216.4,217.0,1633161
309,2021-05-31T09:45:00,217.05,217.2,216.5,216.8,958611
310,2021-05-31T09:50:00,216.95,217.05,216.75,216.75,730842
311,2021-05-31T09:55:00,216.9,216.95,216.55,216.55,506714
312,2021-05-31T10:00:00,216.7,217.35,216.55,216.95,982176
313,2021-05-31T10:05:00,217.4,217.5,217.05,217.05,1081404
314,2021-05-31T10:10:00,217.2,217.35,216.85,216.85,691482
315,2021-05-31T10:15:00,217.0,217.25,216.85,217.05,555620
316,2021-05-31T10:20:00,217.2,217.2,216.65,216.8,498480
317,2021-05-31T10:25:00,216.95,217.0,216.8,216.8,350037
318,2021-05-31T10:30:00,216.9,216.95,216.5,216.5,491980
319,2021-05-31T10:35:00,216.55,216.65,216.0,216.0,1076337
320,2021-05-31T10:40:00,216.0,216.35,215.7,215.8,925356
321,2021-05-31T10:45:00,215.85,216.2,215.7,216.0,556451
322,2021-05-31T10:50:00,216.15,216.5,216.05,216.15,588817
323,2021-05-31T10:55:00,216.3,216.5,216.2,216.25,423775
324,2021-05-31T11:00:00,216.45,216.45,215.95,215.95,461816
325,2021-05-31T11:05:00,216.15,216.3,215.95,216.0,252796
326,2021-05-31T11:10:00,216.15,216.25,215.9,216.15,219488
327,2021-05-31T11:15:00,216.2,216.4,216.1,216.2,401774
328,2021-05-31T11:20:00,216.4,216.4,216.1,216.15,698006
329,2021-05-31T11:25:00,216.25,216.4,216.15,216.15,435302
330,2021-05-31T11:30:00,216.3,216.4,216.2,216.3,222823
331,2021-05-31T11:35:00,216.4,216.95,216.35,216.75,565309
332,2021-05-31T11:40:00,216.8,217.0,216.65,216.8,1254533
333,2021-05-31T11:45:00,216.85,217.0,216.7,216.7,761531
334,2021-05-31T11:50:00,216.85,216.9,216.7,216.7,243512
335,2021-05-31T11:55:00,216.85,217.25,216.7,217.15,464879
336,2021-05-31T12:00:00,217.15,217.5,217.0,217.0,668485
337,2021-05-31T12:05:00,217.1,217.15,216.7,216.7,390158
338,2021-05-31T12:10:00,216.7,217.4,216.7,217.3,448519
339,2021-05-31T12:15:00,217.35,217.7,217.15,217.4,1104790
340,2021-05-31T12:20:00,217.6,217.8,217.45,217.45,1155667
341,2021-05-31T12:25:00,217.5,217.8,217.4,217.5,692089
342,2021-05-31T12:30:00,217.6,217.7,217.4,217.4,424072
343,2021-05-31T12:35:00,217.45,217.7,217.25,217.4,392752
344,2021-05-31T12:40:00,217.6,217.7,217.6,217.6,318838
345,2021-05-31T12:45:00,217.65,217.65,217.4,217.4,282254
346,2021-05-31T12:50:00,217.4,217.5,216.9,216.9,701017
347,2021-05-31T12:55:00,217.15,217.45,217.05,217.35,269822
348,2021-05-31T13:00:00,217.45,217.5,217.35,217.35,342403
349,2021-05-31T13:05:00,217.35,217.45,217.05,217.2,350763
350,2021-05-31T13:10:00,217.3,217.3,217.15,217.15,162058
351,2021-05-31T13:15:00,217.25,217.4,217.2,217.3,231252
352,2021-05-31T13:20:00,217.3,217.35,217.0,217.0,300451
353,2021-05-31T13:25:00,217.05,217.15,216.8,216.8,457000
354,2021-05-31T13:30:00,216.85,216.95,216.65,216.75,478696
355,2021-05-31T13:35:00,216.85,217.0,216.8,216.9,408860
356,2021-05-31T13:40:00,217.0,217.05,216.7,216.7,403305
357,2021-05-31T13:45:00,216.8,217.0,216.6,216.85,440544
358,2021-05-31T13:50:00,217.0,217.05,216.7,216.85,518438
359,2021-05-31T13:55:00,217.0,217.3,217.0,217.2,675337
360,2021-05-31T14:00:00,217.3,217.4,217.0,217.0,410463
361,2021-05-31T14:05:00,217.25,217.4,217.1,217.15,474526
362,2021-05-31T14:10:00,217.3,217.7,217.25,217.4,831505
363,2021-05-31T14:15:00,217.6,217.9,217.5,217.5,1101732
364,2021-05-31T14:20:00,217.6,217.65,217.25,217.3,717684
365,2021-05-31T14:25:00,217.45,217.6,217.0,217.05,1209259
366,2021-05-31T14:30:00,217.1,217.4,217.0,217.25,909382
367,2021-05-31T14:35:00,217.3,217.4,217.05,217.15,633937
368,2021-05-31T14:40:00,217.35,217.75,217.2,217.25,1128882
369,2021-05-31T14:45:00,217.3,217.4,217.05,217.05,724799
370,2021-05-31T14:50:00,217.05,217.1,216.5,216.6,1844655
371,2021-05-31T14:55:00,216.8,216.8,216.05,216.05,1329863
372,2021-05-31T15:00:00,216.15,216.65,216.05,216.4,1055530
373,2021-05-31T15:05:00,216.5,216.65,216.1,216.1,1316094
374,2021-05-31T15:10:00,216.3,216.5,216.15,216.2,2178009
375,2021-05-31T15:15:00,216.45,216.9,216.4,216.65,1764694
376,2021-05-31T15:20:00,216.8,217.0,216.45,216.7,2256023
377,2021-05-31T15:25:00,216.8,217.1,216.7,216.7,1647704
378,2021-05-31T15:30:00,217.0,217.0,217.0,217.0,4178
379,2021-06-01T09:15:00,217.8,219.35,217.05,217.05,3529474
380,2021-06-01T09:20:00,217.35,217.65,216.7,217.25,2169673
381,2021-06-01T09:25:00,217.55,217.7,216.75,216.95,1413119
382,2021-06-01T09:30:00,217.05,217.25,216.8,216.8,876377
383,2021-06-01T09:35:00,217.0,217.55,216.85,217.15,492977
384,2021-06-01T09:40:00,217.55,217.9,217.5,217.5,705738
385,2021-06-01T09:45:00,217.5,217.7,217.1,217.2,505718
386,2021-06-01T09:50:00,217.2,217.45,217.1,217.1,386039
387,2021-06-01T09:55:00,217.05,217.6,217.05,217.5,810974
388,2021-06-01T10:00:00,217.5,217.7,217.35,217.4,609517
389,2021-06-01T10:05:00,217.5,217.65,217.0,217.0,864871
390,2021-06-01T10:10:00,217.05,217.2,217.0,217.0,336671
391,2021-06-01T10:15:00,217.1,217.1,215.6,215.7,1909318
392,2021-06-01T10:20:00,216.05,216.5,215.85,216.2,546799
393,2021-06-01T10:25:00,216.35,216.75,216.25,216.55,373490
394,2021-06-01T10:30:00,216.65,216.75,216.35,216.35,381161
395,2021-06-01T10:35:00,216.4,216.65,216.15,216.2,286667
396,2021-06-01T10:40:00,216.3,216.4,216.0,216.0,353838
397,2021-06-01T10:45:00,216.05,216.55,216.05,216.3,470479
398,2021-06-01T10:50:00,216.35,216.9,216.25,216.7,358466
399,2021-06-01T10:55:00,216.9,216.95,216.6,216.6,340550
400,2021-06-01T11:00:00,216.6,217.2,216.55,216.95,443175
401,2021-06-01T11:05:00,217.1,217.15,217.0,217.0,201532
402,2021-06-01T11:10:00,217.05,217.1,216.4,216.4,314777
403,2021-06-01T11:15:00,216.45,216.85,216.45,216.5,402027
404,2021-06-01T11:20:00,216.5,217.0,216.4,216.8,257060
405,2021-06-01T11:25:00,216.9,216.95,216.6,216.6,159827
406,2021-06-01T11:30:00,216.75,216.8,216.55,216.55,173871
407,2021-06-01T11:35:00,216.55,216.65,216.4,216.4,308357
408,2021-06-01T11:40:00,216.5,216.55,216.1,216.25,467864
409,2021-06-01T11:45:00,216.3,216.65,216.25,216.3,379510
410,2021-06-01T11:50:00,216.4,216.45,216.2,216.2,450058
411,2021-06-01T11:55:00,216.35,216.55,216.15,216.15,249528
412,2021-06-01T12:00:00,216.25,216.35,215.9,216.0,429536
413,2021-06-01T12:05:00,216.25,216.45,216.0,216.0,217890
414,2021-06-01T12:10:00,216.15,216.25,216.0,216.0,320145
415,2021-06-01T12:15:00,216.15,216.2,215.95,216.0,408297
416,2021-06-01T12:20:00,216.15,216.2,216.0,216.0,324042
417,2021-06-01T12:25:00,216.05,216.6,216.05,216.3,306469
418,2021-06-01T12:30:00,216.35,216.85,216.3,216.65,391010
419,2021-06-01T12:35:00,216.8,216.9,216.6,216.65,445829
420,2021-06-01T12:40:00,216.8,216.95,216.7,216.7,151965
421,2021-06-01T12:45:00,216.75,216.8,216.65,216.65,160052
422,2021-06-01T12:50:00,216.8,216.8,216.55,216.55,241203
423,2021-06-01T12:55:00,216.65,216.65,216.4,216.4,172795
424,2021-06-01T13:00:00,216.4,216.5,216.2,216.3,183742
425,2021-06-01T13:05:00,216.35,216.4,216.15,216.2,153034
426,2021-06-01T13:10:00,216.25,216.35,216.25,216.3,123333
427,2021-06-01T13:15:00,216.3,216.4,216.15,216.15,152353
428,2021-06-01T13:20:00,216.25,216.35,216.2,216.2,155893
429,2021-06-01T13:25:00,216.25,216.35,216.05,216.15,272693
430,2021-06-01T13:30:00,216.15,216.35,216.15,216.15,139114
431,2021-06-01T13:35:00,216.25,216.35,216.15,216.15,161745
432,2021-06-01T13:40:00,216.25,216.35,216.05,216.2,376309
433,2021-06-01T13:45:00,216.2,216.35,216.1,216.2,203492
434,2021-06-01T13:50:00,216.25,216.5,216.1,216.35,233917
435,2021-06-01T13:55:00,216.45,216.5,216.05,216.05,326903
436,2021-06-01T14:00:00,216.05,216.1,215.5,215.65,741505
437,2021-06-01T14:05:00,215.65,216.25,215.5,215.85,294092
438,2021-06-01T14:10:00,216.0,216.2,215.9,216.0,266420
439,2021-06-01T14:15:00,216.1,216.2,216.0,216.0,226355
440,2021-06-01T14:20:00,216.05,216.2,216.0,216.15,214827
441,2021-06-01T14:25:00,216.2,216.25,216.15,216.15,222592
442,2021-06-01T14:30:00,216.25,216.3,216.0,216.0,381363
443,2021-06-01T14:35:00,216.05,216.2,215.35,215.35,550144
444,2021-06-01T14:40:00,215.55,216.0,215.5,215.85,321152
445,2021-06-01T14:45:00,215.95,216.05,215.65,215.75,353231
446,2021-06-01T14:50:00,215.9,215.95,215.65,215.65,358353
447,2021-06-01T14:55:00,215.8,215.8,215.5,215.5,460608
448,2021-06-01T15:00:00,215.55,215.6,214.85,214.85,1180399
449,2021-06-01T15:05:00,214.9,215.2,214.25,214.9,926259
450,2021-06-01T15:10:00,215.2,215.25,214.7,214.85,675185
451,2021-06-01T15:15:00,214.9,215.35,214.9,215.15,1071727
452,2021-06-01T15:20:00,215.35,215.55,215.0,215.4,1346840
453,2021-06-01T15:25:00,215.5,216.1,215.5,215.75,1324245
454,2021-06-01T15:30:00,215.9,215.9,215.9,215.9,2155
455,2021-06-02T09:15:00,211.8,212.35,209.4,209.7,10714139
456,2021-06-02T09:20:00,209.75,210.7,209.35,210.05,4295873
457,2021-06-02T09:25:00,210.1,210.45,209.7,210.05,2923798
458,2021-06-02T09:30:00,210.1,210.4,210.0,210.2,2775147
459,2021-06-02T09:35:00,210.4,210.55,210.2,210.35,2097222
460,2021-06-02T09:40:00,210.45,210.9,210.3,210.7,2395691
461,2021-06-02T09:45:00,210.95,211.45,210.85,211.15,3535087
462,2021-06-02T09:50:00,211.3,211.3,211.0,211.0,1177071
463,2021-06-02T09:55:00,211.05,211.1,210.85,210.85,871639
464,2021-06-02T10:00:00,210.85,211.1,210.7,210.95,658129
465,2021-06-02T10:05:00,211.1,211.85,211.05,211.5,1576382
466,2021-06-02T10:10:00,211.7,211.7,211.2,211.4,689117
467,2021-06-02T10:15:00,211.5,211.5,211.2,211.2,792048
468,2021-06-02T10:20:00,211.35,211.45,211.25,211.25,822954
469,2021-06-02T10:25:00,211.25,211.35,211.1,211.1,754130
470,2021-06-02T10:30:00,211.05,211.5,211.0,211.2,990091
471,2021-06-02T10:35:00,211.3,211.35,211.0,211.0,499166
472,2021-06-02T10:40:00,211.1,211.15,211.0,211.0,652383
473,2021-06-02T10:45:00,211.1,211.15,211.0,211.0,508035
474,2021-06-02T10:50:00,211.05,211.1,210.9,210.9,410003
475,2021-06-02T10:55:00,211.0,211.1,210.75,210.75,1370097
476,2021-06-02T11:00:00,210.75,210.9,210.55,210.7,423650
477,2021-06-02T11:05:00,210.8,210.85,210.55,210.7,1258190
478,2021-06-02T11:10:00,210.75,211.1,210.7,210.9,511917
479,2021-06-02T11:15:00,210.95,211.1,210.9,210.9,573974
480,2021-06-02T11:20:00,211.05,211.1,210.9,210.9,443261
481,2021-06-02T11:25:00,210.9,211.2,210.9,211.0,361584
482,2021-06-02T11:30:00,211.05,211.1,210.9,210.9,471716
483,2021-06-02T11:35:00,210.95,211.0,210.8,210.85,379051
484,2021-06-02T11:40:00,210.85,210.95,210.6,210.6,513817
485,2021-06-02T11:45:00,210.75,210.85,210.6,210.6,475963
486,2021-06-02T11:50:00,210.65,210.75,210.6,210.6,364524
487,2021-06-02T11:55:00,210.6,210.75,210.4,210.5,828505
488,2021-06-02T12:00:00,210.6,210.65,210.2,210.2,650172
489,2021-06-02T12:05:00,210.2,210.3,210.0,210.0,1499182
490,2021-06-02T12:10:00,210.1,210.1,209.85,209.9,972221
491,2021-06-02T12:15:00,210.0,210.05,209.95,209.95,1294615
492,2021-06-02T12:20:00,210.0,210.25,210.0,210.0,977444
493,2021-06-02T12:25:00,210.05,210.1,209.95,210.0,769878
494,2021-06-02T12:30:00,210.0,210.1,209.9,209.95,833539
495,2021-06-02T12:35:00,210.05,210.1,209.95,210.0,545365
496,2021-06-02T12:40:00,209.95,210.1,209.9,210.0,624353
497,2021-06-02T12:45:00,210.05,210.05,209.95,209.95,337673
498,2021-06-02T12:50:00,210.0,210.05,209.8,209.8,339786
499,2021-06-02T12:55:00,209.85,209.95,209.55,209.65,1124437
500,2021-06-02T13:00:00,209.65,209.9,209.6,209.6,892513
501,2021-06-02T13:05:00,209.8,209.8,209.55,209.55,697755
502,2021-06-02T13:10:00,209.6,209.75,209.35,209.35,1069073
503,2021-06-02T13:15:00,209.45,209.5,209.3,209.3,617397
504,2021-06-02T13:20:00,209.4,209.6,209.35,209.45,722855
505,2021-06-02T13:25:00,209.5,209.6,209.4,209.4,636187
506,2021-06-02T13:30:00,209.5,209.6,209.4,209.45,467677
507,2021-06-02T13:35:00,209.5,209.6,209.45,209.45,457312
508,2021-06-02T13:40:00,209.5,209.55,209.35,209.45,629456
509,2021-06-02T13:45:00,209.5,209.55,209.45,209.45,421589
510,2021-06-02T13:50:00,209.5,209.7,209.45,209.5,802063
511,2021-06-02T13:55:00,209.6,209.9,209.5,209.65,843062
512,2021-06-02T14:00:00,209.9,209.9,209.75,209.75,785396
513,2021-06-02T14:05:00,209.8,209.9,209.65,209.75,865537
514,2021-06-02T14:10:00,209.85,209.9,209.6,209.6,586944
515,2021-06-02T14:15:00,209.65,209.75,209.6,209.65,359737
516,2021-06-02T14:20:00,209.7,209.8,209.6,209.7,434607
517,2021-06-02T14:25:00,209.75,209.8,209.4,209.4,816942
518,2021-06-02T14:30:00,209.5,209.6,209.4,209.4,525392
519,2021-06-02T14:35:00,209.4,209.5,209.35,209.4,556272
520,2021-06-02T14:40:00,209.5,209.5,209.4,209.4,344924
521,2021-06-02T14:45:00,209.45,209.6,209.4,209.45,701517
522,2021-06-02T14:50:00,209.5,209.6,208.75,208.75,10946185
523,2021-06-02T14:55:00,208.85,209.0,208.7,208.85,955864
524,2021-06-02T15:00:00,208.95,209.15,208.9,208.9,1322901
525,2021-06-02T15:05:00,209.0,209.1,208.9,208.95,1247876
526,2021-06-02T15:10:00,209.0,209.1,208.9,208.95,1907612
527,2021-06-02T15:15:00,209.0,209.2,208.95,208.95,3049896
528,2021-06-02T15:20:00,209.0,209.25,208.9,208.95,2556437
529,2021-06-02T15:25:00,209.0,209.1,208.95,208.95,2435645
530,2021-06-02T15:30:00,209.05,209.05,209.05,209.05,2177
531,2021-06-03T09:15:00,210.75,210.75,209.05,209.05,2944486
532,2021-06-03T09:20:00,209.45,209.5,208.8,209.2,1445691
533,2021-06-03T09:25:00,209.3,209.5,209.0,209.2,765344
534,2021-06-03T09:30:00,209.45,209.55,208.9,209.4,1227634
535,2021-06-03T09:35:00,209.5,209.85,209.45,209.65,712623
536,2021-06-03T09:40:00,209.75,209.8,209.4,209.5,792236
537,2021-06-03T09:45:00,209.6,210.0,209.55,209.85,523976
538,2021-06-03T09:50:00,209.85,210.1,209.8,209.85,662387
539,2021-06-03T09:55:00,210.05,210.05,209.7,209.7,464712
540,2021-06-03T10:00:00,209.75,210.25,209.7,209.9,463218
541,2021-06-03T10:05:00,210.15,210.4,210.1,210.15,487605
542,2021-06-03T10:10:00,210.25,210.3,210.15,210.15,364197
543,2021-06-03T10:15:00,210.2,210.45,210.15,210.2,566419
544,2021-06-03T10:20:00,210.25,210.4,210.15,210.15,305324
545,2021-06-03T10:25:00,210.25,210.4,209.9,210.05,373446
546,2021-06-03T10:30:00,210.05,210.3,210.0,210.1,320804
547,2021-06-03T10:35:00,210.3,210.35,210.0,210.05,235426
548,2021-06-03T10:40:00,210.1,210.2,210.0,210.0,187533
549,2021-06-03T10:45:00,210.1,210.1,209.8,209.8,306838
550,2021-06-03T10:50:00,209.85,209.95,209.7,209.8,180131
551,2021-06-03T10:55:00,209.85,209.95,209.75,209.75,154621
552,2021-06-03T11:00:00,209.8,210.05,209.75,209.9,217947
553,2021-06-03T11:05:00,210.0,210.05,209.8,209.8,188803
554,2021-06-03T11:10:00,209.95,210.1,209.8,209.9,249333
555,2021-06-03T11:15:00,210.0,210.0,209.8,209.8,146417
556,2021-06-03T11:20:00,209.8,210.0,209.8,209.8,267211
557,2021-06-03T11:25:00,210.0,210.0,209.8,209.85,166329
558,2021-06-03T11:30:00,209.85,210.1,209.85,209.9,348433
559,2021-06-03T11:35:00,209.9,210.0,209.8,209.85,201257
560,2021-06-03T11:40:00,209.85,210.0,209.8,209.8,195599
561,2021-06-03T11:45:00,209.85,209.95,209.7,209.7,184248
562,2021-06-03T11:50:00,209.7,209.8,209.6,209.7,283134
563,2021-06-03T11:55:00,209.7,209.95,209.7,209.7,194826
564,2021-06-03T12:00:00,209.8,209.85,209.7,209.75,153220
565,2021-06-03T12:05:00,209.75,209.8,209.65,209.65,156021
566,2021-06-03T12:10:00,209.75,209.8,209.65,209.65,176167
567,2021-06-03T12:15:00,209.7,209.75,209.4,209.6,888663
568,2021-06-03T12:20:00,209.75,210.0,209.75,209.9,371978
569,2021-06-03T12:25:00,209.95,210.2,209.9,209.95,580976
570,2021-06-03T12:30:00,210.1,210.15,209.9,209.95,160889
571,2021-06-03T12:35:00,210.0,210.0,209.45,209.6,1190225
572,2021-06-03T12:40:00,209.65,209.85,209.65,209.7,131859
573,2021-06-03T12:45:00,209.75,209.8,209.55,209.55,437191
574,2021-06-03T12:50:00,209.7,209.7,209.5,209.5,392504
575,2021-06-03T12:55:00,209.55,209.75,209.4,209.6,190530
576,2021-06-03T13:00:00,209.7,209.7,209.45,209.55,150980
577,2021-06-03T13:05:00,209.65,209.8,209.5,209.5,287785
578,2021-06-03T13:10:00,209.55,209.65,209.0,209.0,1886087
579,2021-06-03T13:15:00,209.05,209.15,208.9,208.9,7234625
580,2021-06-03T13:20:00,209.0,209.4,208.9,208.9,779306
581,2021-06-03T13:25:00,208.95,209.3,208.9,209.1,224975
582,2021-06-03T13:30:00,209.3,209.55,209.25,209.35,271765
583,2021-06-03T13:35:00,209.35,209.4,209.3,209.3,342202
584,2021-06-03T13:40:00,209.3,209.45,209.15,209.15,418168
585,2021-06-03T13:45:00,209.45,209.5,209.3,209.35,181895
586,2021-06-03T13:50:00,209.5,209.55,209.3,209.35,364248
587,2021-06-03T13:55:00,209.45,209.5,209.3,209.4,166947
588,2021-06-03T14:00:00,209.4,209.5,209.25,209.25,313674
589,2021-06-03T14:05:00,209.4,209.45,209.2,209.3,233092
590,2021-06-03T14:10:00,209.4,209.4,209.0,209.15,948945
591,2021-06-03T14:15:00,209.2,209.3,209.1,209.1,221643
592,2021-06-03T14:20:00,209.15,209.25,208.95,208.95,481355
593,2021-06-03T14:25:00,209.15,209.25,209.05,209.1,180732
594,2021-06-03T14:30:00,209.25,209.3,208.95,208.95,767361
595,2021-06-03T14:35:00,209.0,209.3,208.95,209.1,468355
596,2021-06-03T14:40:00,209.3,209.3,209.2,209.2,248147
597,2021-06-03T14:45:00,209.25,209.4,209.2,209.2,229909
598,2021-06-03T14:50:00,209.35,209.65,209.25,209.4,307477
599,2021-06-03T14:55:00,209.6,209.65,208.95,208.95,1471376
600,2021-06-03T15:00:00,209.1,209.4,209.0,209.0,676159
601,2021-06-03T15:05:00,209.25,209.35,209.05,209.1,573105
602,2021-06-03T15:10:00,209.25,209.25,208.95,208.95,1561461
603,2021-06-03T15:15:00,209.0,209.15,208.9,208.95,1711791
604,2021-06-03T15:20:00,209.0,209.15,208.95,208.95,1348043
605,2021-06-03T15:25:00,209.0,209.15,208.95,208.95,1489438
606,2021-06-04T09:15:00,209.55,209.55,208.7,208.75,1119049
607,2021-06-04T09:20:00,208.95,209.0,208.1,208.1,1209802
608,2021-06-04T09:25:00,208.4,208.4,208.05,208.1,827662
609,2021-06-04T09:30:00,208.3,208.5,208.0,208.3,876259
610,2021-06-04T09:35:00,208.35,208.5,208.35,208.4,387872
611,2021-06-04T09:40:00,208.5,208.9,208.3,208.7,813790
612,2021-06-04T09:45:00,208.8,208.85,208.6,208.6,431234
613,2021-06-04T09:50:00,208.75,208.85,208.65,208.7,279983
614,2021-06-04T09:55:00,208.75,208.8,208.65,208.7,244711
615,2021-06-04T10:00:00,208.75,208.85,208.5,208.55,465540
616,2021-06-04T10:05:00,208.6,208.75,208.6,208.6,352929
617,2021-06-04T10:10:00,208.7,208.75,208.55,208.55,191431
618,2021-06-04T10:15:00,208.6,208.7,208.4,208.6,394349
619,2021-06-04T10:20:00,208.6,208.6,208.45,208.45,271144
620,2021-06-04T10:25:00,208.45,208.7,208.45,208.55,386358
621,2021-06-04T10:30:00,208.65,208.65,208.4,208.4,297570
622,2021-06-04T10:35:00,208.55,208.55,208.2,208.2,347650
623,2021-06-04T10:40:00,208.3,208.55,208.2,208.4,243859
624,2021-06-04T10:45:00,208.55,208.6,208.4,208.4,159522
625,2021-06-04T10:50:00,208.45,208.75,208.45,208.6,255313
626,2021-06-04T10:55:00,208.6,208.9,208.5,208.7,433797
627,2021-06-04T11:00:00,208.85,209.0,208.8,208.9,310401
628,2021-06-04T11:05:00,208.95,209.0,208.8,208.8,408863
629,2021-06-04T11:10:00,208.85,209.1,208.8,208.9,435087
630,2021-06-04T11:15:00,208.95,209.05,208.75,208.75,254998
631,2021-06-04T11:20:00,208.75,208.8,208.3,208.3,591746
632,2021-06-04T11:25:00,208.35,208.45,208.25,208.25,410898
633,2021-06-04T11:30:00,208.25,208.35,208.15,208.2,456156
634,2021-06-04T11:35:00,208.35,208.45,208.25,208.3,244860
635,2021-06-04T11:40:00,208.4,208.55,208.35,208.4,158642
636,2021-06-04T11:45:00,208.45,208.55,208.25,208.3,275251
637,2021-06-04T11:50:00,208.3,208.4,208.25,208.3,234486
638,2021-06-04T11:55:00,208.3,208.5,208.3,208.4,192061
639,2021-06-04T12:00:00,208.5,208.5,208.3,208.35,220276
640,2021-06-04T12:05:00,208.35,208.5,208.25,208.35,253727
641,2021-06-04T12:10:00,208.4,208.5,208.3,208.4,122016
642,2021-06-04T12:15:00,208.45,208.55,208.4,208.4,137125
643,2021-06-04T12:20:00,208.45,208.5,208.3,208.4,215292
644,2021-06-04T12:25:00,208.45,208.5,208.4,208.4,129286
645,2021-06-04T12:30:00,208.4,208.4,208.2,208.2,470410
646,2021-06-04T12:35:00,208.3,208.4,208.2,208.2,250924
647,2021-06-04T12:40:00,208.3,208.6,208.2,208.4,254773
648,2021-06-04T12:45:00,208.6,208.75,208.35,208.45,424177
649,2021-06-04T12:50:00,208.5,208.65,208.2,208.2,544932
650,2021-06-04T12:55:00,208.25,208.5,208.25,208.35,123301
651,2021-06-04T13:00:00,208.4,208.55,208.25,208.25,184432
652,2021-06-04T13:05:00,208.3,208.55,208.2,208.4,778602
653,2021-06-04T13:10:00,208.4,208.55,208.3,208.4,154118
654,2021-06-04T13:15:00,208.5,208.55,208.3,208.4,110435
655,2021-06-04T13:20:00,208.5,208.5,208.1,208.15,734151
656,2021-06-04T13:25:00,208.25,208.3,208.05,208.05,362733
657,2021-06-04T13:30:00,208.05,208.3,208.05,208.15,217805
658,2021-06-04T13:35:00,208.2,208.4,208.15,208.2,424204
659,2021-06-04T13:40:00,208.35,208.4,208.1,208.1,207057
660,2021-06-04T13:45:00,208.15,208.3,208.05,208.1,310534
661,2021-06-04T13:50:00,208.25,208.35,208.1,208.2,716791
662,2021-06-04T13:55:00,208.3,208.35,208.25,208.3,207509
663,2021-06-04T14:00:00,208.35,208.5,208.3,208.35,410230
664,2021-06-04T14:05:00,208.45,208.45,208.35,208.35,149469
665,2021-06-04T14:10:00,208.4,208.45,208.3,208.3,174527
666,2021-06-04T14:15:00,208.4,208.6,208.35,208.45,283927
667,2021-06-04T14:20:00,208.5,208.9,208.4,208.6,819366
668,2021-06-04T14:25:00,208.65,208.8,208.45,208.5,543133
669,2021-06-04T14:30:00,208.55,208.65,208.45,208.45,399080
670,2021-06-04T14:35:00,208.5,208.55,208.4,208.5,239478
671,2021-06-04T14:40:00,208.55,208.55,208.4,208.4,255238
672,2021-06-04T14:45:00,208.5,208.6,208.4,208.4,367693
673,2021-06-04T14:50:00,208.5,208.5,208.35,208.4,257257
674,2021-06-04T14:55:00,208.5,208.6,208.4,208.4,339673
675,2021-06-04T15:00:00,208.5,208.55,208.45,208.45,387877
676,2021-06-04T15:05:00,208.5,208.7,208.4,208.55,575350
677,2021-06-04T15:10:00,208.6,208.7,208.55,208.55,657449
678,2021-06-04T15:15:00,208.6,208.7,208.55,208.55,740407
679,2021-06-04T15:20:00,208.65,208.85,208.6,208.75,600443
680,2021-06-04T15:25:00,208.85,209.7,208.8,209.3,1328044
681,2021-06-04T15:30:00,209.55,209.55,209.55,209.55,1644
682,2021-06-07T09:15:00,210.3,211.25,210.3,210.85,2486191
683,2021-06-07T09:20:00,211.0,211.15,210.5,211.0,2044877
684,2021-06-07T09:25:00,211.0,211.05,210.8,210.85,1067581
685,2021-06-07T09:30:00,211.0,212.05,210.9,211.75,1628305
686,2021-06-07T09:35:00,211.85,211.95,211.45,211.5,933083
687,2021-06-07T09:40:00,211.6,212.05,211.55,211.65,784385
688,2021-06-07T09:45:00,211.75,211.75,211.45,211.45,562231
689,2021-06-07T09:50:00,211.6,211.8,211.45,211.45,286184
690,2021-06-07T09:55:00,211.5,211.95,211.5,211.8,352159
691,2021-06-07T10:00:00,211.85,211.95,211.7,211.7,365783
692,2021-06-07T10:05:00,211.75,211.85,211.3,211.65,648419
693,2021-06-07T10:10:00,211.7,211.95,211.6,211.65,307994
694,2021-06-07T10:15:00,211.95,212.2,211.8,212.0,733328
695,2021-06-07T10:20:00,212.0,212.1,211.8,211.8,370652
696,2021-06-07T10:25:00,211.8,212.2,211.75,212.0,459079
697,2021-06-07T10:30:00,212.05,212.25,212.0,212.0,1193370
698,2021-06-07T10:35:00,212.1,212.2,212.0,212.0,454022
699,2021-06-07T10:40:00,212.1,212.3,211.9,211.95,772213
700,2021-06-07T10:45:00,212.0,212.2,211.9,212.1,332801
701,2021-06-07T10:50:00,212.2,212.3,212.1,212.15,196330
702,2021-06-07T10:55:00,212.15,212.4,212.05,212.05,467174
703,2021-06-07T11:00:00,212.15,212.2,211.8,211.9,374089
704,2021-06-07T11:05:00,212.0,212.25,211.9,212.15,185503
705,2021-06-07T11:10:00,212.25,212.25,212.0,212.0,339931
706,2021-06-07T11:15:00,212.15,212.15,211.9,211.9,215260
707,2021-06-07T11:20:00,212.0,212.15,211.85,211.85,213375
708,2021-06-07T11:25:00,211.9,212.05,211.9,211.95,123770
709,2021-06-07T11:30:00,212.05,212.1,211.9,211.9,127218
710,2021-06-07T11:35:00,212.0,212.0,211.75,211.8,293484
711,2021-06-07T11:40:00,211.85,212.0,211.7,211.7,218028
712,2021-06-07T11:45:00,211.85,211.85,211.7,211.75,117263
713,2021-06-07T11:50:00,211.8,212.0,211.8,211.95,103842
714,2021-06-07T11:55:00,211.95,212.1,211.9,211.9,205285
715,2021-06-07T12:00:00,212.05,212.1,211.9,212.0,126494
716,2021-06-07T12:05:00,212.1,212.15,211.9,211.95,103460
717,2021-06-07T12:10:00,211.95,212.1,211.95,211.95,131846
718,2021-06-07T12:15:00,212.05,212.15,211.95,211.95,174460
719,2021-06-07T12:20:00,212.05,212.15,212.0,212.0,105587
720,2021-06-07T12:25:00,212.1,212.15,211.95,212.0,140871
721,2021-06-07T12:30:00,212.15,212.15,211.95,212.0,145524
722,2021-06-07T12:35:00,212.05,212.1,211.8,211.8,187294
723,2021-06-07T12:40:00,211.9,211.9,211.65,211.65,313192
724,2021-06-07T12:45:00,211.7,211.75,211.25,211.25,540637
725,2021-06-07T12:50:00,211.45,211.5,210.9,211.0,723744
726,2021-06-07T12:55:00,211.2,211.3,211.0,211.1,424503
727,2021-06-07T13:00:00,211.3,211.5,211.1,211.1,195018
728,2021-06-07T13:05:00,211.25,211.45,211.15,211.3,110128
729,2021-06-07T13:10:00,211.45,211.45,210.9,211.05,702175
730,2021-06-07T13:15:00,211.15,211.2,210.95,210.95,377577
731,2021-06-07T13:20:00,211.1,211.1,210.95,210.95,241437
732,2021-06-07T13:25:00,211.1,211.3,211.0,211.15,163087
733,2021-06-07T13:30:00,211.2,211.35,211.15,211.2,134037
734,2021-06-07T13:35:00,211.35,211.55,211.2,211.5,291633
735,2021-06-07T13:40:00,211.55,211.55,211.05,211.05,249415
736,2021-06-07T13:45:00,211.1,211.25,211.05,211.1,151025
737,2021-06-07T13:50:00,211.2,211.4,211.15,211.3,179603
738,2021-06-07T13:55:00,211.3,211.4,211.2,211.2,164580
739,2021-06-07T14:00:00,211.25,211.35,211.2,211.25,268747
740,2021-06-07T14:05:00,211.3,211.5,211.25,211.4,280954
741,2021-06-07T14:10:00,211.45,211.6,211.3,211.5,396935
742,2021-06-07T14:15:00,211.5,211.6,211.3,211.45,377834
743,2021-06-07T14:20:00,211.5,211.65,211.35,211.35,211587
744,2021-06-07T14:25:00,211.35,211.5,211.3,211.3,282323
745,2021-06-07T14:30:00,211.4,211.55,211.25,211.25,216239
746,2021-06-07T14:35:00,211.25,211.3,211.1,211.1,211236
747,2021-06-07T14:40:00,211.2,211.25,211.1,211.1,292821
748,2021-06-07T14:45:00,211.15,211.25,211.1,211.15,244944
749,2021-06-07T14:50:00,211.25,211.3,211.1,211.1,248649
750,2021-06-07T14:55:00,211.2,211.3,211.1,211.2,256390
751,2021-06-07T15:00:00,211.25,211.35,211.2,211.25,258967
752,2021-06-07T15:05:00,211.3,211.4,211.25,211.3,424477
753,2021-06-07T15:10:00,211.3,211.45,211.3,211.35,383088
754,2021-06-07T15:15:00,211.45,211.7,211.4,211.5,718274
755,2021-06-07T15:20:00,211.6,211.65,211.4,211.4,539077
756,2021-06-07T15:25:00,211.5,211.75,211.45,211.55,616201
757,2021-06-07T15:30:00,211.75,211.75,211.75,211.75,1485
758,2021-06-08T09:15:00,212.2,212.55,211.55,212.3,1037005
759,2021-06-08T09:20:00,212.35,212.45,212.15,212.15,536338
760,2021-06-08T09:25:00,212.25,212.35,212.0,212.0,526830
761,2021-06-08T09:30:00,212.15,212.15,211.6,211.7,497649
762,2021-06-08T09:35:00,211.6,212.05,211.55,211.9,278711
763,2021-06-08T09:40:00,212.1,212.15,211.7,211.7,324903
764,2021-06-08T09:45:00,211.75,211.9,211.3,211.3,561991
765,2021-06-08T09:50:00,211.35,211.5,211.2,211.3,419340
766,2021-06-08T09:55:00,211.35,211.5,211.25,211.35,172530
767,2021-06-08T10:00:00,211.35,211.85,211.3,211.75,490849
768,2021-06-08T10:05:00,211.75,211.8,211.4,211.4,224937
769,2021-06-08T10:10:00,211.4,211.75,211.4,211.5,141414
770,2021-06-08T10:15:00,211.5,211.65,211.5,211.5,113368
771,2021-06-08T10:20:00,211.65,211.75,211.55,211.6,105807
772,2021-06-08T10:25:00,211.65,211.7,211.55,211.55,110806
773,2021-06-08T10:30:00,211.7,211.9,211.7,211.7,338400
774,2021-06-08T10:35:00,211.8,211.8,211.5,211.5,124068
775,2021-06-08T10:40:00,211.65,211.85,211.6,211.65,102880
776,2021-06-08T10:45:00,211.7,211.9,211.65,211.65,166555
777,2021-06-08T10:50:00,211.7,211.85,211.65,211.65,101920
778,2021-06-08T10:55:00,211.7,212.0,211.7,211.95,232436
779,2021-06-08T11:00:00,212.0,212.0,211.85,211.85,262611
780,2021-06-08T11:05:00,211.9,211.95,211.8,211.8,61417
781,2021-06-08T11:10:00,211.85,211.9,211.7,211.7,75725
782,2021-06-08T11:15:00,211.75,211.85,211.65,211.7,112324
783,2021-06-08T11:20:00,211.8,211.9,211.8,211.8,74302
784,2021-06-08T11:25:00,211.85,211.9,211.75,211.8,81217
785,2021-06-08T11:30:00,211.85,211.9,211.75,211.75,56987
786,2021-06-08T11:35:00,211.8,212.0,211.75,211.9,169859
787,2021-06-08T11:40:00,212.0,212.15,211.95,211.95,211667
788,2021-06-08T11:45:00,212.05,212.05,211.9,211.9,95836
789,2021-06-08T11:50:00,211.95,212.0,211.85,211.85,120056
790,2021-06-08T11:55:00,212.0,212.0,211.8,211.8,116764
791,2021-06-08T12:00:00,211.9,211.9,211.7,211.7,196954
792,2021-06-08T12:05:00,211.8,211.9,211.75,211.75,60379
793,2021-06-08T12:10:00,211.75,211.95,211.7,211.8,88678
794,2021-06-08T12:15:00,211.9,211.9,211.8,211.8,79445
795,2021-06-08T12:20:00,211.85,211.95,211.8,211.85,76572
796,2021-06-08T12:25:00,211.95,211.95,211.85,211.85,68604
797,2021-06-08T12:30:00,211.95,211.95,211.85,211.85,74306
798,2021-06-08T12:35:00,211.95,212.15,211.9,212.05,269269
799,2021-06-08T12:40:00,212.15,212.5,212.1,212.3,446631
800,2021-06-08T12:45:00,212.35,212.7,212.3,212.3,532741
801,2021-06-08T12:50:00,212.55,212.55,212.35,212.4,178028
802,2021-06-08T12:55:00,212.35,212.5,212.35,212.35,149058
803,2021-06-08T13:00:00,212.45,212.5,212.35,212.35,169740
804,2021-06-08T13:05:00,212.45,212.7,212.4,212.5,263586
805,2021-06-08T13:10:00,212.5,213.3,212.5,213.0,1002808
806,2021-06-08T13:15:00,213.2,213.25,213.0,213.0,532638
807,2021-06-08T13:20:00,213.1,213.6,213.0,213.25,457646
808,2021-06-08T13:25:00,213.55,213.95,213.2,213.65,678213
809,2021-06-08T13:30:00,213.7,213.85,213.4,213.4,351209
810,2021-06-08T13:35:00,213.55,213.6,213.3,213.45,229956
811,2021-06-08T13:40:00,213.5,213.5,213.2,213.2,179574
812,2021-06-08T13:45:00,213.2,213.55,213.2,213.4,195289
813,2021-06-08T13:50:00,213.55,213.9,213.4,213.7,522316
814,2021-06-08T13:55:00,213.75,213.8,213.5,213.7,188328
815,2021-06-08T14:00:00,213.8,214.0,213.6,213.7,470113
816,2021-06-08T14:05:00,213.75,214.2,213.75,213.9,541200
817,2021-06-08T14:10:00,214.2,214.2,213.75,213.85,467911
818,2021-06-08T14:15:00,214.0,214.0,213.85,213.9,150069
819,2021-06-08T14:20:00,213.95,214.0,213.8,213.9,164576
820,2021-06-08T14:25:00,213.95,213.95,213.55,213.65,270455
821,2021-06-08T14:30:00,213.7,213.95,213.65,213.75,144660
822,2021-06-08T14:35:00,213.85,213.95,213.75,213.75,137565
823,2021-06-08T14:40:00,213.85,213.95,213.75,213.85,110757
824,2021-06-08T14:45:00,213.95,214.0,213.75,213.75,286827
825,2021-06-08T14:50:00,213.85,213.85,213.65,213.75,226288
826,2021-06-08T14:55:00,213.8,213.85,213.65,213.65,145940
827,2021-06-08T15:00:00,213.7,213.8,213.55,213.55,298917
828,2021-06-08T15:05:00,213.65,213.7,213.4,213.4,417971
829,2021-06-08T15:10:00,213.5,213.7,213.4,213.45,386008
830,2021-06-08T15:15:00,213.7,213.7,213.5,213.6,369463
831,2021-06-08T15:20:00,213.7,213.85,213.6,213.7,728611
832,2021-06-08T15:25:00,213.85,214.0,213.55,213.65,761675
833,2021-06-08T15:30:00,213.8,213.8,213.8,213.8,63
834,2021-06-09T09:15:00,214.0,214.5,213.7,213.8,1046917
835,2021-06-09T09:20:00,214.0,214.05,213.45,213.6,676858
836,2021-06-09T09:25:00,213.8,214.3,213.8,214.1,498297
837,2021-06-09T09:30:00,214.25,214.45,214.05,214.35,441042
838,2021-06-09T09:35:00,214.4,214.5,214.2,214.2,446084
839,2021-06-09T09:40:00,214.4,214.75,214.4,214.6,670878
840,2021-06-09T09:45:00,214.6,214.7,214.4,214.4,372658
841,2021-06-09T09:50:00,214.5,214.75,214.35,214.6,492786
842,2021-06-09T09:55:00,214.7,214.75,214.4,214.4,257003
843,2021-06-09T10:00:00,214.5,214.5,214.15,214.2,263887
844,2021-06-09T10:05:00,214.25,214.4,214.15,214.3,447764
845,2021-06-09T10:10:00,214.3,214.35,214.15,214.15,461573
846,2021-06-09T10:15:00,214.2,214.2,214.0,214.0,350776
847,2021-06-09T10:20:00,214.05,214.1,213.9,213.9,382623
848,2021-06-09T10:25:00,214.0,214.0,213.8,213.8,265531
849,2021-06-09T10:30:00,213.9,214.0,213.8,213.9,147208
850,2021-06-09T10:35:00,213.95,214.1,213.9,213.95,159572
851,2021-06-09T10:40:00,214.0,214.1,213.95,214.0,198682
852,2021-06-09T10:45:00,214.15,214.2,213.9,213.9,202293
853,2021-06-09T10:50:00,213.95,214.1,213.8,213.8,162577
854,2021-06-09T10:55:00,213.9,213.95,213.8,213.8,89707
855,2021-06-09T11:00:00,213.9,213.9,213.8,213.8,106233
856,2021-06-09T11:05:00,213.9,214.1,213.85,213.9,183257
857,2021-06-09T11:10:00,213.95,214.1,213.8,213.8,172736
858,2021-06-09T11:15:00,213.85,213.9,213.8,213.8,181488
859,2021-06-09T11:20:00,213.85,214.1,213.8,213.95,201902
860,2021-06-09T11:25:00,214.0,214.25,214.0,214.15,165631
861,2021-06-09T11:30:00,214.25,214.4,214.15,214.25,186698
862,2021-06-09T11:35:00,214.2,214.4,214.2,214.2,146863
863,2021-06-09T11:40:00,214.2,214.45,214.2,214.3,135442
864,2021-06-09T11:45:00,214.35,214.5,214.3,214.3,188338
865,2021-06-09T11:50:00,214.4,214.4,214.2,214.2,144852
866,2021-06-09T11:55:00,214.25,214.35,214.25,214.25,127490
867,2021-06-09T12:00:00,214.3,214.3,214.1,214.1,239329
868,2021-06-09T12:05:00,214.15,214.2,214.05,214.05,122188
869,2021-06-09T12:10:00,214.05,214.2,214.0,214.0,155267
870,2021-06-09T12:15:00,214.05,214.1,214.0,214.0,141405
871,2021-06-09T12:20:00,214.05,214.05,213.8,213.8,158456
872,2021-06-09T12:25:00,213.9,214.0,213.8,213.8,226904
873,2021-06-09T12:30:00,213.85,213.9,213.55,213.55,315024
874,2021-06-09T12:35:00,213.6,213.8,213.55,213.7,169279
875,2021-06-09T12:40:00,213.75,213.8,213.65,213.75,63999
876,2021-06-09T12:45:00,213.8,213.8,213.7,213.7,125641
877,2021-06-09T12:50:00,213.65,213.8,213.65,213.7,158474
878,2021-06-09T12:55:00,213.75,213.95,213.75,213.85,112861
879,2021-06-09T13:00:00,213.9,213.95,213.75,213.75,164918
880,2021-06-09T13:05:00,213.8,213.9,213.5,213.5,545038
881,2021-06-09T13:10:00,213.5,213.5,212.5,212.5,1057364
882,2021-06-09T13:15:00,212.6,213.0,212.35,212.75,562084
883,2021-06-09T13:20:00,212.9,213.35,212.45,212.95,501352
884,2021-06-09T13:25:00,213.3,213.5,213.05,213.05,216501
885,2021-06-09T13:30:00,213.3,213.4,212.75,212.75,209068
886,2021-06-09T13:35:00,212.8,213.15,212.75,212.85,298100
887,2021-06-09T13:40:00,212.85,213.0,212.7,212.9,391159
888,2021-06-09T13:45:00,213.0,213.0,212.85,212.85,127341
889,2021-06-09T13:50:00,212.9,213.0,212.8,212.8,241606
890,2021-06-09T13:55:00,212.9,213.0,212.7,212.75,222153
891,2021-06-09T14:00:00,213.0,213.0,212.75,212.75,155468
892,2021-06-09T14:05:00,212.8,212.9,212.7,212.75,176359
893,2021-06-09T14:10:00,212.85,212.9,212.7,212.75,123067
894,2021-06-09T14:15:00,212.9,212.9,212.75,212.75,164789
895,2021-06-09T14:20:00,212.8,212.85,212.6,212.6,209149
896,2021-06-09T14:25:00,212.65,212.65,212.15,212.15,501359
897,2021-06-09T14:30:00,212.25,212.4,212.05,212.05,508975
898,2021-06-09T14:35:00,212.1,212.3,212.05,212.15,251225
899,2021-06-09T14:40:00,212.3,212.3,211.5,211.5,866017
900,2021-06-09T14:45:00,211.55,212.0,211.5,211.85,619038
901,2021-06-09T14:50:00,211.95,212.05,211.8,211.8,324326
902,2021-06-09T14:55:00,211.9,212.55,211.85,212.4,285205
903,2021-06-09T15:00:00,212.5,212.65,212.2,212.2,622605
904,2021-06-09T15:05:00,212.65,212.7,212.5,212.6,379127
905,2021-06-09T15:10:00,212.6,212.75,212.5,212.5,632093
906,2021-06-09T15:15:00,212.7,212.7,212.5,212.55,750653
907,2021-06-09T15:20:00,212.55,212.6,212.3,212.3,821672
908,2021-06-09T15:25:00,212.5,212.65,212.4,212.45,867958
909,2021-06-09T15:30:00,212.55,212.55,212.55,212.55,4907
910,2021-06-10T09:15:00,208.25,208.3,207.7,208.05,2986760
911,2021-06-10T09:20:00,208.1,208.15,207.7,207.7,1668784
912,2021-06-10T09:25:00,208.05,208.95,208.05,208.5,1157434
913,2021-06-10T09:30:00,208.95,209.1,208.6,208.7,1188561
914,2021-06-10T09:35:00,208.8,208.8,208.4,208.6,619232
915,2021-06-10T09:40:00,208.7,209.1,208.7,209.0,931886
916,2021-06-10T09:45:00,209.1,209.4,209.0,209.0,926535
917,2021-06-10T09:50:00,209.25,210.45,209.25,209.75,1286694
918,2021-06-10T09:55:00,210.25,211.4,210.25,210.3,1980966
919,2021-06-10T10:00:00,210.45,210.45,209.8,209.8,674647
920,2021-06-10T10:05:00,209.8,210.4,209.8,210.0,367317
921,2021-06-10T10:10:00,210.05,210.3,209.85,210.15,297247
922,2021-06-10T10:15:00,210.3,210.35,209.75,209.75,276773
923,2021-06-10T10:20:00,209.9,210.15,209.6,209.9,368456
924,2021-06-10T10:25:00,210.15,210.15,210.0,210.0,176029
925,2021-06-10T10:30:00,210.05,210.25,210.0,210.15,133186
926,2021-06-10T10:35:00,210.2,210.4,210.1,210.2,199869
927,2021-06-10T10:40:00,210.25,210.4,210.15,210.15,162241
928,2021-06-10T10:45:00,210.25,210.25,210.15,210.15,111489
929,2021-06-10T10:50:00,210.2,210.25,210.05,210.05,138589
930,2021-06-10T10:55:00,210.15,210.3,210.05,210.15,130202
931,2021-06-10T11:00:00,210.15,210.2,209.4,209.4,383464
932,2021-06-10T11:05:00,209.45,209.7,209.3,209.6,342386
933,2021-06-10T11:10:00,209.6,209.75,209.55,209.55,178632
934,2021-06-10T11:15:00,209.6,209.95,209.5,209.8,304073
935,2021-06-10T11:20:00,209.9,209.9,209.6,209.65,147676
936,2021-06-10T11:25:00,209.75,209.9,209.65,209.7,135321
937,2021-06-10T11:30:00,209.75,209.75,209.5,209.55,155424
938,2021-06-10T11:35:00,209.65,209.9,209.55,209.7,205109
939,2021-06-10T11:40:00,209.8,209.95,209.7,209.7,118881
940,2021-06-10T11:45:00,209.7,210.15,209.7,210.0,791092
941,2021-06-10T11:50:00,210.1,210.1,210.0,210.0,109906
942,2021-06-10T11:55:00,210.0,210.1,210.0,210.0,180361
943,2021-06-10T12:00:00,210.05,210.1,209.85,209.85,271408
944,2021-06-10T12:05:00,209.85,209.9,209.7,209.7,107068
945,2021-06-10T12:10:00,209.75,209.8,209.65,209.7,124222
946,2021-06-10T12:15:00,209.75,209.85,209.7,209.7,132668
947,2021-06-10T12:20:00,209.8,209.8,209.55,209.55,138136
948,2021-06-10T12:25:00,209.55,209.7,209.55,209.55,127205
949,2021-06-10T12:30:00,209.65,209.7,209.55,209.6,120536
950,2021-06-10T12:35:00,209.65,209.8,209.6,209.65,144581
951,2021-06-10T12:40:00,209.7,209.75,209.25,209.25,263583
952,2021-06-10T12:45:00,209.35,209.45,209.2,209.25,183446
953,2021-06-10T12:50:00,209.3,209.4,209.25,209.25,131659
954,2021-06-10T12:55:00,209.35,209.5,209.25,209.25,192225
955,2021-06-10T13:00:00,209.3,209.4,209.2,209.3,125076
956,2021-06-10T13:05:00,209.4,209.4,209.3,209.35,80873
957,2021-06-10T13:10:00,209.35,209.4,209.25,209.25,170971
958,2021-06-10T13:15:00,209.35,209.45,209.25,209.3,251801
959,2021-06-10T13:20:00,209.45,209.6,209.4,209.5,116971
960,2021-06-10T13:25:00,209.6,209.6,209.45,209.45,115046
961,2021-06-10T13:30:00,209.5,209.55,209.4,209.4,107993
962,2021-06-10T13:35:00,209.5,209.5,209.35,209.4,110376
963,2021-06-10T13:40:00,209.45,209.5,209.25,209.3,124027
964,2021-06-10T13:45:00,209.4,209.55,209.35,209.45,138815
965,2021-06-10T13:50:00,209.5,209.5,209.3,209.3,137647
966,2021-06-10T13:55:00,209.4,209.45,209.3,209.3,125117
967,2021-06-10T14:00:00,209.4,209.45,209.25,209.3,166476
968,2021-06-10T14:05:00,209.3,209.5,209.3,209.35,161212
969,2021-06-10T14:10:00,209.45,209.5,209.3,209.3,1166048
970,2021-06-10T14:15:00,209.4,209.55,209.3,209.35,252004
971,2021-06-10T14:20:00,209.55,209.55,209.35,209.35,182221
972,2021-06-10T14:25:00,209.5,209.55,209.4,209.4,150222
973,2021-06-10T14:30:00,209.45,209.95,209.4,209.6,307082
974,2021-06-10T14:35:00,209.65,209.7,209.5,209.55,195773
975,2021-06-10T14:40:00,209.6,209.7,209.4,209.4,249477
976,2021-06-10T14:45:00,209.5,209.6,209.3,209.3,227737
977,2021-06-10T14:50:00,209.4,209.45,209.3,209.3,300099
978,2021-06-10T14:55:00,209.3,209.4,209.25,209.25,315066
979,2021-06-10T15:00:00,209.3,209.4,209.2,209.2,450449
980,2021-06-10T15:05:00,209.35,209.35,209.1,209.15,540962
981,2021-06-10T15:10:00,209.25,209.55,209.0,209.4,1014089
982,2021-06-10T15:15:00,209.5,209.6,209.25,209.25,878176
983,2021-06-10T15:20:00,209.35,209.4,209.2,209.3,835653
984,2021-06-10T15:25:00,209.4,209.75,209.3,209.45,698572
985,2021-06-10T15:30:00,209.75,209.75,209.75,209.75,12
986,2021-06-11T09:15:00,210.0,210.4,209.65,209.9,1161398
987,2021-06-11T09:20:00,210.0,210.4,210.0,210.05,530492
988,2021-06-11T09:25:00,210.1,210.15,209.55,209.65,579273
989,2021-06-11T09:30:00,209.8,210.0,209.7,209.75,274475
990,2021-06-11T09:35:00,209.8,209.95,209.6,209.85,181553
991,2021-06-11T09:40:00,209.95,210.4,209.8,210.2,495389
992,2021-06-11T09:45:00,210.2,210.2,209.9,209.9,218946
993,2021-06-11T09:50:00,209.95,210.0,209.75,209.75,164971
994,2021-06-11T09:55:00,209.85,209.9,209.3,209.3,344863
995,2021-06-11T10:00:00,209.5,209.6,209.25,209.25,284492
996,2021-06-11T10:05:00,209.25,209.4,208.9,208.9,710735
997,2021-06-11T10:10:00,208.9,209.15,208.85,208.95,278433
998,2021-06-11T10:15:00,209.0,209.0,208.75,208.75,340806
999,2021-06-11T10:20:00,208.8,208.95,208.7,208.75,225621
1000,2021-06-11T10:25:00,208.9,208.95,208.7,208.7,232546
1001,2021-06-11T10:30:00,208.85,208.9,208.6,208.7,310313
1002,2021-06-11T10:35:00,208.75,208.95,208.7,208.8,174172
1003,2021-06-11T10:40:00,208.8,208.95,208.8,208.8,155748
1004,2021-06-11T10:45:00,208.9,208.95,208.7,208.8,258425
1005,2021-06-11T10:50:00,208.85,209.0,208.8,208.9,178204
1006,2021-06-11T10:55:00,209.0,209.0,208.75,208.75,141856
1007,2021-06-11T11:00:00,208.75,208.85,208.55,208.6,250857
1008,2021-06-11T11:05:00,208.65,208.8,208.6,208.7,122274
1009,2021-06-11T11:10:00,208.75,208.8,208.35,208.35,517482
1010,2021-06-11T11:15:00,208.3,208.5,208.3,208.35,225680
1011,2021-06-11T11:20:00,208.4,208.5,208.3,208.4,153813
1012,2021-06-11T11:25:00,208.45,208.5,208.3,208.3,167164
1013,2021-06-11T11:30:00,208.4,208.4,208.2,208.2,356990
1014,2021-06-11T11:35:00,208.35,208.45,208.25,208.35,121442
1015,2021-06-11T11:40:00,208.45,208.5,208.3,208.35,96892
1016,2021-06-11T11:45:00,208.4,208.5,208.3,208.35,130053
1017,2021-06-11T11:50:00,208.35,208.7,208.3,208.55,481813
1018,2021-06-11T11:55:00,208.65,208.85,208.55,208.55,281484
1019,2021-06-11T12:00:00,208.7,208.7,208.4,208.45,157569
1020,2021-06-11T12:05:00,208.55,208.55,208.4,208.4,103621
1021,2021-06-11T12:10:00,208.4,208.5,208.3,208.35,176973
1022,2021-06-11T12:15:00,208.35,208.4,208.25,208.25,252409
1023,2021-06-11T12:20:00,208.3,208.35,208.2,208.2,137243
1024,2021-06-11T12:25:00,208.25,208.3,208.15,208.15,141496
1025,2021-06-11T12:30:00,208.15,208.35,208.15,208.25,167580
1026,2021-06-11T12:35:00,208.3,208.35,208.15,208.2,148653
1027,2021-06-11T12:40:00,208.3,208.35,208.2,208.25,104286
1028,2021-06-11T12:45:00,208.3,208.4,208.25,208.25,149235
1029,2021-06-11T12:50:00,208.3,208.4,208.2,208.3,190017
1030,2021-06-11T12:55:00,208.35,208.4,208.25,208.25,190178
1031,2021-06-11T13:00:00,208.3,208.4,208.15,208.15,237191
1032,2021-06-11T13:05:00,208.2,208.3,208.1,208.15,238143
1033,2021-06-11T13:10:00,208.25,208.3,208.15,208.15,203813
1034,2021-06-11T13:15:00,208.1,208.25,208.1,208.1,213556
1035,2021-06-11T13:20:00,208.2,208.2,207.85,207.85,1093717
1036,2021-06-11T13:25:00,207.95,208.0,207.9,207.9,133986
1037,2021-06-11T13:30:00,208.0,208.0,207.8,207.95,225587
1038,2021-06-11T13:35:00,208.0,208.1,207.95,208.0,107986
1039,2021-06-11T13:40:00,208.05,208.15,207.95,207.95,148747
1040,2021-06-11T13:45:00,208.0,208.1,207.95,208.0,179065
1041,2021-06-11T13:50:00,208.1,208.2,208.0,208.0,251001
1042,2021-06-11T13:55:00,208.05,208.05,207.95,207.95,122695
1043,2021-06-11T14:00:00,208.0,208.05,207.9,207.9,152569
1044,2021-06-11T14:05:00,207.95,208.05,207.9,208.0,152096
1045,2021-06-11T14:10:00,208.05,208.05,207.95,207.95,140583
1046,2021-06-11T14:15:00,208.0,208.05,207.95,207.95,207965
1047,2021-06-11T14:20:00,208.0,208.05,207.95,207.95,167516
1048,2021-06-11T14:25:00,207.95,208.05,207.95,207.95,153419
1049,2021-06-11T14:30:00,208.0,208.0,207.9,207.9,180309
1050,2021-06-11T14:35:00,207.95,208.0,207.9,207.9,226249
1051,2021-06-11T14:40:00,208.0,208.0,207.95,207.95,166495
1052,2021-06-11T14:45:00,208.0,208.0,207.9,207.95,125985
1053,2021-06-11T14:50:00,208.0,208.0,207.95,207.95,200974
1054,2021-06-11T14:55:00,208.0,208.0,207.9,207.95,222375
1055,2021-06-11T15:00:00,207.95,208.0,207.75,207.8,520268
1056,2021-06-11T15:05:00,207.9,208.0,207.8,207.95,460314
1057,2021-06-11T15:10:00,208.0,208.0,207.9,207.9,447132
1058,2021-06-11T15:15:00,207.95,208.0,207.9,207.95,572789
1059,2021-06-11T15:20:00,208.0,208.1,207.8,207.8,1049547
1060,2021-06-11T15:25:00,207.95,208.0,207.8,207.85,913574
1061,2021-06-11T15:30:00,208.0,208.0,208.0,208.0,57
1062,2021-06-14T09:15:00,208.0,208.45,206.85,206.85,1652321
1063,2021-06-14T09:20:00,207.0,207.1,206.5,206.5,808181
1064,2021-06-14T09:25:00,206.65,206.65,206.0,206.0,838755
1065,2021-06-14T09:30:00,206.1,206.15,205.25,205.4,929853
1066,2021-06-14T09:35:00,205.3,206.35,205.3,206.0,653916
1067,2021-06-14T09:40:00,206.15,206.4,205.9,206.15,391254
1068,2021-06-14T09:45:00,206.25,206.7,206.1,206.4,466051
1069,2021-06-14T09:50:00,206.7,206.75,206.2,206.25,382016
1070,2021-06-14T09:55:00,206.35,206.6,206.15,206.4,319358
1071,2021-06-14T10:00:00,206.55,206.65,206.4,206.45,252649
1072,2021-06-14T10:05:00,206.5,206.7,206.4,206.5,229016
1073,2021-06-14T10:10:00,206.65,206.8,206.6,206.7,268375
1074,2021-06-14T10:15:00,206.8,206.8,206.55,206.55,205792
1075,2021-06-14T10:20:00,206.7,206.75,206.6,206.6,170180
1076,2021-06-14T10:25:00,206.65,206.7,206.55,206.55,195715
1077,2021-06-14T10:30:00,206.6,206.65,206.5,206.5,151083
1078,2021-06-14T10:35:00,206.65,206.65,206.5,206.5,159378
1079,2021-06-14T10:40:00,206.5,206.55,206.3,206.45,187793
1080,2021-06-14T10:45:00,206.55,206.55,206.4,206.45,112528
1081,2021-06-14T10:50:00,206.5,206.6,206.4,206.4,143221
1082,2021-06-14T10:55:00,206.45,206.55,206.35,206.35,120052
1083,2021-06-14T11:00:00,206.4,206.45,206.25,206.25,131610
1084,2021-06-14T11:05:00,206.35,206.55,206.3,206.4,165816
1085,2021-06-14T11:10:00,206.45,206.55,206.35,206.45,122364
1086,2021-06-14T11:15:00,206.55,206.6,206.4,206.45,122664
1087,2021-06-14T11:20:00,206.6,206.6,206.35,206.35,134097
1088,2021-06-14T11:25:00,206.4,206.6,206.3,206.4,107191
1089,2021-06-14T11:30:00,206.5,206.8,206.45,206.65,124888
1090,2021-06-14T11:35:00,206.7,206.85,206.65,206.7,133282
1091,2021-06-14T11:40:00,206.75,206.75,206.55,206.55,99585
1092,2021-06-14T11:45:00,206.6,206.85,206.55,206.55,93238
1093,2021-06-14T11:50:00,206.65,206.75,206.55,206.6,103727
1094,2021-06-14T11:55:00,206.7,207.25,206.6,207.15,364742
1095,2021-06-14T12:00:00,207.25,207.25,206.9,206.95,248559
1096,2021-06-14T12:05:00,207.1,207.2,207.0,207.05,174711
1097,2021-06-14T12:10:00,207.1,207.45,207.0,207.2,288633
1098,2021-06-14T12:15:00,207.25,207.25,207.0,207.0,142018
1099,2021-06-14T12:20:00,207.1,207.2,207.0,207.1,99778
1100,2021-06-14T12:25:00,207.2,207.35,207.15,207.25,145390
1101,2021-06-14T12:30:00,207.35,207.45,207.25,207.3,201056
1102,2021-06-14T12:35:00,207.4,207.45,207.25,207.3,160660
1103,2021-06-14T12:40:00,207.45,207.45,207.2,207.2,148283
1104,2021-06-14T12:45:00,207.3,207.35,207.15,207.15,97366
1105,2021-06-14T12:50:00,207.2,207.25,207.1,207.1,92144
1106,2021-06-14T12:55:00,207.1,207.15,207.0,207.0,135722
1107,2021-06-14T13:00:00,207.05,207.25,207.0,207.1,119962
1108,2021-06-14T13:05:00,207.2,207.2,207.05,207.05,129907
1109,2021-06-14T13:10:00,207.15,207.2,206.7,206.7,217708
1110,2021-06-14T13:15:00,206.9,207.1,206.75,206.95,164979
1111,2021-06-14T13:20:00,207.0,207.7,206.95,207.4,299290
1112,2021-06-14T13:25:00,207.45,207.5,207.3,207.3,120419
1113,2021-06-14T13:30:00,207.35,207.35,207.15,207.15,117215
1114,2021-06-14T13:35:00,207.15,207.35,207.05,207.05,159832
1115,2021-06-14T13:40:00,207.2,207.4,207.15,207.25,94947
1116,2021-06-14T13:45:00,207.35,207.35,207.2,207.25,86554
1117,2021-06-14T13:50:00,207.3,207.35,207.1,207.2,103648
1118,2021-06-14T13:55:00,207.25,207.35,207.0,207.0,104379
1119,2021-06-14T14:00:00,207.1,207.15,207.0,207.05,70991
1120,2021-06-14T14:05:00,207.1,207.25,207.05,207.15,77107
1121,2021-06-14T14:10:00,207.2,207.25,207.05,207.05,103546
1122,2021-06-14T14:15:00,207.05,207.25,207.05,207.1,123338
1123,2021-06-14T14:20:00,207.2,207.25,207.1,207.1,97219
1124,2021-06-14T14:25:00,207.15,207.25,207.05,207.1,92988
1125,2021-06-14T14:30:00,207.15,207.25,207.1,207.1,118315
1126,2021-06-14T14:35:00,207.15,207.25,207.1,207.1,89751
1127,2021-06-14T14:40:00,207.2,207.4,207.1,207.1,150178
1128,2021-06-14T14:45:00,207.25,207.25,207.1,207.1,123094
1129,2021-06-14T14:50:00,207.1,207.2,207.0,207.0,168432
1130,2021-06-14T14:55:00,207.1,207.2,207.0,207.1,126096
1131,2021-06-14T15:00:00,207.1,207.2,207.05,207.05,166034
1132,2021-06-14T15:05:00,207.05,207.15,207.0,207.0,289140
1133,2021-06-14T15:10:00,207.05,207.15,207.0,207.0,363591
1134,2021-06-14T15:15:00,207.0,207.65,207.0,207.5,586978
1135,2021-06-14T15:20:00,207.55,207.7,207.4,207.5,396611
1136,2021-06-14T15:25:00,207.55,207.6,207.45,207.45,424018
1137,2021-06-14T15:30:00,207.55,207.55,207.55,207.55,4011
1138,2021-06-15T09:15:00,207.7,208.3,207.55,208.05,700975
1139,2021-06-15T09:20:00,208.15,208.3,207.75,207.75,526258
1140,2021-06-15T09:25:00,207.8,208.15,207.7,208.0,268470
1141,2021-06-15T09:30:00,208.05,208.1,207.5,207.5,413359
1142,2021-06-15T09:35:00,207.5,207.65,207.4,207.55,275752
1143,2021-06-15T09:40:00,207.65,207.7,207.5,207.55,158062
1144,2021-06-15T09:45:00,207.6,208.1,207.4,207.85,472197
1145,2021-06-15T09:50:00,208.0,208.35,207.9,208.0,508582
1146,2021-06-15T09:55:00,208.05,208.1,208.0,208.0,255664
1147,2021-06-15T10:00:00,208.05,208.15,208.0,208.0,111519
1148,2021-06-15T10:05:00,208.05,208.15,208.0,208.0,265439
1149,2021-06-15T10:10:00,208.05,208.1,208.0,208.0,288768
1150,2021-06-15T10:15:00,208.1,208.1,208.0,208.0,238128
1151,2021-06-15T10:20:00,208.0,208.05,207.8,207.8,340382
1152,2021-06-15T10:25:00,207.85,207.9,207.6,207.65,145314
1153,2021-06-15T10:30:00,207.65,207.75,207.5,207.55,279513
1154,2021-06-15T10:35:00,207.6,207.75,207.5,207.55,104857
1155,2021-06-15T10:40:00,207.75,207.8,207.5,207.5,137323
1156,2021-06-15T10:45:00,207.6,207.8,207.5,207.7,111442
1157,2021-06-15T10:50:00,207.75,207.8,207.55,207.6,138746
1158,2021-06-15T10:55:00,207.7,208.0,207.7,207.8,226271
1159,2021-06-15T11:00:00,207.9,207.95,207.8,207.8,67371
1160,2021-06-15T11:05:00,207.85,207.9,207.6,207.6,85728
1161,2021-06-15T11:10:00,207.7,207.75,207.55,207.65,60481
1162,2021-06-15T11:15:00,207.75,207.8,207.55,207.6,118045
1163,2021-06-15T11:20:00,207.7,207.7,207.55,207.6,68955
1164,2021-06-15T11:25:00,207.65,207.9,207.55,207.65,182080
1165,2021-06-15T11:30:00,207.9,207.9,207.7,207.75,101721
1166,2021-06-15T11:35:00,207.85,207.9,207.7,207.8,84115
1167,2021-06-15T11:40:00,207.85,207.9,207.7,207.7,70630
1168,2021-06-15T11:45:00,207.85,207.85,207.7,207.7,123878
1169,2021-06-15T11:50:00,207.8,207.9,207.7,207.8,158480
1170,2021-06-15T11:55:00,207.85,207.9,207.6,207.65,238135
1171,2021-06-15T12:00:00,207.8,207.85,207.65,207.75,115044
1172,2021-06-15T12:05:00,207.8,207.85,207.6,207.7,126514
1173,2021-06-15T12:10:00,207.75,207.8,207.55,207.55,183485
1174,2021-06-15T12:15:00,207.6,207.65,207.45,207.45,300230
1175,2021-06-15T12:20:00,207.5,207.55,207.25,207.3,232714
1176,2021-06-15T12:25:00,207.35,207.5,207.3,207.35,146206
1177,2021-06-15T12:30:00,207.35,207.45,207.3,207.3,115472
1178,2021-06-15T12:35:00,207.3,207.5,207.3,207.35,160456
1179,2021-06-15T12:40:00,207.4,207.45,207.25,207.3,157338
1180,2021-06-15T12:45:00,207.35,207.35,207.15,207.3,152191
1181,2021-06-15T12:50:00,207.35,207.45,207.2,207.35,118563
1182,2021-06-15T12:55:00,207.45,207.5,207.25,207.3,164426
1183,2021-06-15T13:00:00,207.35,207.45,207.25,207.25,113814
1184,2021-06-15T13:05:00,207.3,207.45,207.2,207.2,103826
1185,2021-06-15T13:10:00,207.3,207.4,207.2,207.2,146866
1186,2021-06-15T13:15:00,207.35,207.45,207.25,207.35,95137
1187,2021-06-15T13:20:00,207.4,207.4,207.25,207.35,105825
1188,2021-06-15T13:25:00,207.4,207.45,207.25,207.25,110204
1189,2021-06-15T13:30:00,207.35,207.4,207.25,207.25,90043
1190,2021-06-15T13:35:00,207.3,207.35,207.05,207.05,330199
1191,2021-06-15T13:40:00,207.15,207.2,207.05,207.1,154052
1192,2021-06-15T13:45:00,207.1,207.45,207.05,207.35,150636
1193,2021-06-15T13:50:00,207.3,207.4,207.25,207.3,108405
1194,2021-06-15T13:55:00,207.35,207.35,207.0,207.0,183194
1195,2021-06-15T14:00:00,207.2,207.2,207.0,207.1,157189
1196,2021-06-15T14:05:00,207.2,207.2,207.05,207.1,106920
1197,2021-06-15T14:10:00,207.15,207.2,207.0,207.0,175954
1198,2021-06-15T14:15:00,207.1,207.15,207.0,207.0,123044
1199,2021-06-15T14:20:00,207.05,207.25,207.0,207.15,141099
1200,2021-06-15T14:25:00,207.2,207.25,207.05,207.1,139029
1201,2021-06-15T14:30:00,207.2,207.2,207.05,207.05,124709
1202,2021-06-15T14:35:00,207.15,207.2,207.1,207.1,78296
1203,2021-06-15T14:40:00,207.15,207.2,207.0,207.1,186270
1204,2021-06-15T14:45:00,207.15,207.15,207.0,207.0,157179
1205,2021-06-15T14:50:00,207.0,207.2,207.0,207.1,142891
1206,2021-06-15T14:55:00,207.15,207.15,207.05,207.05,144842
1207,2021-06-15T15:00:00,207.1,207.1,207.0,207.0,242552
1208,2021-06-15T15:05:00,207.1,207.15,207.05,207.05,229693
1209,2021-06-15T15:10:00,207.1,207.15,207.05,207.05,349597
1210,2021-06-15T15:15:00,207.05,207.15,207.0,207.05,391923
1211,2021-06-15T15:20:00,207.05,207.1,207.0,207.05,525307
1212,2021-06-15T15:25:00,207.05,207.15,207.05,207.1,368772
1213,2021-06-15T15:30:00,207.1,207.1,207.1,207.1,304
1214,2021-06-16T09:15:00,207.4,207.8,207.1,207.5,745699
1215,2021-06-16T09:20:00,207.6,207.7,207.3,207.6,532437
1216,2021-06-16T09:25:00,207.7,208.5,207.6,208.2,689373
1217,2021-06-16T09:30:00,208.4,209.3,208.3,209.1,1299491
1218,2021-06-16T09:35:00,209.0,209.2,208.65,208.75,695566
1219,2021-06-16T09:40:00,208.8,208.9,208.55,208.6,332301
1220,2021-06-16T09:45:00,208.65,208.65,208.25,208.3,315580
1221,2021-06-16T09:50:00,208.3,208.4,208.2,208.25,210214
1222,2021-06-16T09:55:00,208.35,208.6,208.3,208.4,240665
1223,2021-06-16T10:00:00,208.45,208.45,208.2,208.2,189225
1224,2021-06-16T10:05:00,208.3,208.5,208.0,208.0,342221
1225,2021-06-16T10:10:00,208.1,208.5,208.0,208.35,170168
1226,2021-06-16T10:15:00,208.35,208.4,208.1,208.1,104978
1227,2021-06-16T10:20:00,208.2,208.2,207.9,207.9,205901
1228,2021-06-16T10:25:00,207.9,208.1,207.8,208.0,161024
1229,2021-06-16T10:30:00,208.0,208.3,207.8,207.95,193187
1230,2021-06-16T10:35:00,208.2,208.2,208.0,208.0,106280
1231,2021-06-16T10:40:00,208.1,208.25,208.05,208.05,103678
1232,2021-06-16T10:45:00,208.1,208.25,208.0,208.15,67646
1233,2021-06-16T10:50:00,208.2,208.25,207.95,207.95,114074
1234,2021-06-16T10:55:00,207.95,208.0,207.7,207.7,145201
1235,2021-06-16T11:00:00,207.75,207.95,207.65,207.8,145191
1236,2021-06-16T11:05:00,207.9,207.95,207.7,207.7,138806
1237,2021-06-16T11:10:00,207.75,207.9,207.7,207.8,68646
1238,2021-06-16T11:15:00,207.8,207.95,207.7,207.7,136365
1239,2021-06-16T11:20:00,207.75,207.95,207.7,207.75,105053
1240,2021-06-16T11:25:00,207.9,208.0,207.75,207.95,153991
1241,2021-06-16T11:30:00,207.95,208.25,207.9,207.9,137669
1242,2021-06-16T11:35:00,207.9,208.4,207.9,208.25,100831
1243,2021-06-16T11:40:00,208.25,208.35,208.1,208.1,74753
1244,2021-06-16T11:45:00,208.15,208.25,208.1,208.15,57284
1245,2021-06-16T11:50:00,208.2,208.3,208.1,208.1,60037
1246,2021-06-16T11:55:00,208.15,208.25,208.1,208.1,49102
1247,2021-06-16T12:00:00,208.1,208.25,208.05,208.05,45141
1248,2021-06-16T12:05:00,208.05,208.25,208.0,208.0,120794
1249,2021-06-16T12:10:00,208.0,208.15,207.95,208.0,48747
1250,2021-06-16T12:15:00,208.05,208.1,208.0,208.0,45226
1251,2021-06-16T12:20:00,208.0,208.2,208.0,208.1,43012
1252,2021-06-16T12:25:00,208.2,208.25,207.95,208.2,111826
1253,2021-06-16T12:30:00,208.2,208.5,208.2,208.4,122610
1254,2021-06-16T12:35:00,208.5,208.55,208.25,208.25,194387
1255,2021-06-16T12:40:00,208.2,208.25,208.05,208.05,92165
1256,2021-06-16T12:45:00,208.1,208.35,208.1,208.25,78823
1257,2021-06-16T12:50:00,208.3,208.4,208.2,208.3,55559
1258,2021-06-16T12:55:00,208.3,208.4,208.0,208.0,173028
1259,2021-06-16T13:00:00,208.1,208.25,208.05,208.2,55528
1260,2021-06-16T13:05:00,208.2,208.4,208.15,208.15,79686
1261,2021-06-16T13:10:00,208.25,208.35,208.15,208.15,89652
1262,2021-06-16T13:15:00,208.2,208.3,208.15,208.2,69806
1263,2021-06-16T13:20:00,208.3,208.55,208.25,208.35,137043
1264,2021-06-16T13:25:00,208.5,208.75,208.35,208.5,199498
1265,2021-06-16T13:30:00,208.5,208.6,208.3,208.3,135419
1266,2021-06-16T13:35:00,208.4,209.0,208.35,208.7,1070172
1267,2021-06-16T13:40:00,208.75,208.85,208.65,208.65,623670
1268,2021-06-16T13:45:00,208.65,208.8,208.5,208.6,188281
1269,2021-06-16T13:50:00,208.75,209.15,208.7,208.9,503063
1270,2021-06-16T13:55:00,208.95,209.15,208.85,208.85,338230
1271,2021-06-16T14:00:00,208.9,208.9,208.6,208.6,178849
1272,2021-06-16T14:05:00,208.65,208.85,208.4,208.4,225678
1273,2021-06-16T14:10:00,208.45,208.7,208.4,208.4,1136653
1274,2021-06-16T14:15:00,208.65,208.65,208.4,208.5,96328
1275,2021-06-16T14:20:00,208.6,208.6,208.4,208.4,84502
1276,2021-06-16T14:25:00,208.5,208.55,208.4,208.4,77952
1277,2021-06-16T14:30:00,208.45,208.5,208.4,208.4,78451
1278,2021-06-16T14:35:00,208.5,208.5,208.3,208.3,145621
1279,2021-06-16T14:40:00,208.4,208.45,208.3,208.3,211050
1280,2021-06-16T14:45:00,208.4,208.5,208.4,208.45,94405
1281,2021-06-16T14:50:00,208.5,208.5,208.35,208.35,328701
1282,2021-06-16T14:55:00,208.35,208.4,208.25,208.3,181787
1283,2021-06-16T15:00:00,208.3,208.3,207.85,207.9,591069
1284,2021-06-16T15:05:00,208.0,208.25,207.9,208.1,453179
1285,2021-06-16T15:10:00,208.25,208.3,207.9,207.9,623171
1286,2021-06-16T15:15:00,207.95,208.2,207.8,207.8,872701
1287,2021-06-16T15:20:00,207.9,207.9,207.65,207.7,651114
1288,2021-06-16T15:25:00,207.75,207.85,207.4,207.4,1144346
1289,2021-06-16T15:30:00,207.45,207.45,207.45,207.45,500
